,Player,Pos,Age,Tm,G,GS,MP,FG,FGA,FG%,3P,3PA,3P%,2P,2PA,2P%,eFG%,FT,FTA,FT%,ORB,DRB,TRB,AST,STL,BLK,TOV,PF,PTS,Salary
0,Quincy Acy,PF,25.0,SAC,59.0,29.0,14.8,2.0,3.6,0.556,0.3,0.8,0.388,1.7,2.8,0.606,0.6,0.8,1.2,0.735,1.1,2.1,3.2,0.5,0.5,0.4,0.5,1.7,5.2,981348.0
1,Jordan Adams,SG,21.0,MEM,2.0,0.0,7.5,1.0,3.0,0.333,0.0,0.5,0.0,1.0,2.5,0.4,0.333,1.5,2.5,0.6,0.0,1.0,1.0,1.5,1.5,0.0,1.0,1.0,3.5,1404600.0
2,Steven Adams,C,22.0,OKC,80.0,80.0,25.2,3.3,5.3,0.613,0.0,0.0,,3.3,5.3,0.613,0.613,1.4,2.5,0.5820000000000001,2.7,3.9,6.7,0.8,0.5,1.1,1.1,2.8,8.0,2279040.0
3,Arron Afflalo,SG,30.0,NYK,71.0,57.0,33.4,5.0,11.3,0.443,1.3,3.4,0.382,3.7,7.9,0.469,0.5,1.5,1.8,0.84,0.3,3.4,3.7,2.0,0.4,0.1,1.2,2.0,12.8,8000000.0
4,Alexis Ajinca,C,27.0,NOP,59.0,17.0,14.6,2.5,5.3,0.476,0.0,0.0,0.0,2.5,5.3,0.478,0.476,0.9,1.1,0.8390000000000001,1.3,3.3,4.6,0.5,0.3,0.6,0.9,2.3,6.0,4539607.0
5,Cole Aldrich,C,27.0,LAC,60.0,5.0,13.3,2.2,3.8,0.596,0.0,0.0,,2.2,3.8,0.596,0.596,1.0,1.4,0.7140000000000001,1.4,3.4,4.8,0.8,0.8,1.1,1.1,2.3,5.5,1100602.0
6,LaMarcus Aldridge,PF,30.0,SAS,74.0,74.0,30.6,7.2,14.1,0.513,0.0,0.2,0.0,7.2,13.9,0.521,0.513,3.5,4.1,0.858,2.4,6.2,8.5,1.5,0.5,1.1,1.3,2.0,18.0,19689000.0
7,Cliff Alexander,PF,20.0,POR,8.0,0.0,4.5,0.6,1.3,0.5,0.0,0.0,,0.6,1.3,0.5,0.5,0.0,0.0,,0.3,0.5,0.8,0.0,0.1,0.3,0.1,0.1,1.3,525093.0
8,Lavoy Allen,PF,26.0,IND,79.0,28.0,20.2,2.4,4.7,0.516,0.0,0.0,,2.4,4.7,0.516,0.516,0.6,0.9,0.63,2.1,3.3,5.4,1.0,0.3,0.5,0.9,1.9,5.4,3550000.0
9,Tony Allen,SG,34.0,MEM,64.0,57.0,25.3,3.4,7.3,0.458,0.2,0.7,0.35700000000000004,3.1,6.7,0.468,0.474,1.4,2.2,0.652,1.6,3.0,4.6,1.1,1.7,0.3,1.2,2.7,8.4,5000000.0
10,AlFarouq Aminu,SF,25.0,POR,82.0,82.0,28.5,3.6,8.8,0.416,1.5,4.3,0.361,2.1,4.5,0.468,0.503,1.4,1.9,0.737,1.2,4.9,6.1,1.7,0.9,0.6,1.5,2.1,10.2,
11,Lou Amundson,PF,33.0,NYK,29.0,0.0,7.0,0.7,1.8,0.358,0.0,0.0,,0.7,1.8,0.358,0.358,0.5,0.9,0.519,0.8,0.9,1.7,0.4,0.2,0.2,0.5,1.5,1.8,
12,Chris Andersen,C,37.0,TOT,27.0,15.0,14.9,1.4,2.7,0.528,0.1,0.5,0.28600000000000003,1.3,2.1,0.586,0.556,0.9,1.3,0.6940000000000001,1.3,2.3,3.6,0.4,0.6,0.5,0.3,1.1,3.9,5000000.0
13,Alan Anderson,SG,33.0,WAS,13.0,0.0,14.8,1.6,4.5,0.35600000000000004,0.9,2.8,0.324,0.7,1.7,0.409,0.458,0.8,1.2,0.733,0.1,2.0,2.1,1.1,0.3,0.1,0.2,1.9,5.0,4000000.0
14,James Anderson,SG,26.0,SAC,51.0,15.0,14.1,1.3,3.5,0.376,0.5,1.7,0.267,0.9,1.8,0.478,0.441,0.4,0.6,0.759,0.3,1.4,1.7,0.8,0.4,0.3,0.8,1.1,3.5,1015421.0
15,Justin Anderson,SF,22.0,DAL,55.0,9.0,11.8,1.3,3.2,0.406,0.4,1.5,0.265,0.9,1.7,0.5329999999999999,0.469,0.8,1.0,0.8,0.3,2.1,2.4,0.5,0.3,0.5,0.4,0.8,3.8,1449000.0
16,Kyle Anderson,SF,22.0,SAS,78.0,11.0,16.0,1.8,3.8,0.468,0.2,0.5,0.324,1.6,3.3,0.488,0.488,0.8,1.1,0.747,0.3,2.8,3.1,1.6,0.8,0.4,0.8,1.2,4.5,1142880.0
17,Ryan Anderson,PF,27.0,NOP,66.0,7.0,30.4,6.0,14.1,0.4270000000000001,2.0,5.4,0.366,4.0,8.7,0.466,0.498,3.0,3.5,0.873,2.0,4.0,6.0,1.1,0.6,0.4,1.4,1.7,17.0,8500000.0
18,Giannis Antetokounmpo,PG,21.0,MIL,80.0,79.0,35.3,6.4,12.7,0.506,0.4,1.4,0.257,6.1,11.3,0.537,0.52,3.7,5.1,0.7240000000000001,1.4,6.2,7.7,4.3,1.2,1.4,2.6,3.2,16.9,1953960.0
19,Thanasis Antetokounmpo,SF,23.0,NYK,2.0,0.0,3.0,1.5,2.0,0.75,0.0,0.5,0.0,1.5,1.5,1.0,0.75,0.0,0.0,,0.0,0.5,0.5,0.0,0.0,0.0,0.0,1.0,3.0,30887.0
20,Carmelo Anthony,SF,31.0,NYK,72.0,72.0,35.1,7.9,18.2,0.434,1.5,4.3,0.339,6.4,13.8,0.463,0.474,4.6,5.6,0.8290000000000001,1.4,6.4,7.7,4.2,0.9,0.5,2.4,2.5,21.8,22875000.0
21,Joel Anthony,C,33.0,DET,19.0,0.0,5.1,0.3,0.5,0.6,0.0,0.0,,0.3,0.5,0.6,0.6,0.3,0.4,0.75,0.4,0.7,1.1,0.1,0.1,0.6,0.1,0.8,0.9,2500000.0
22,Keith Appling,PG,23.0,ORL,5.0,0.0,5.4,0.4,1.6,0.25,0.0,0.6,0.0,0.4,1.0,0.4,0.25,0.4,0.4,1.0,0.0,0.2,0.2,0.2,0.2,0.0,0.6,1.0,1.2,61775.0
23,Trevor Ariza,SF,30.0,HOU,81.0,81.0,35.3,4.4,10.6,0.416,2.3,6.2,0.371,2.1,4.4,0.478,0.523,1.6,2.0,0.7829999999999999,0.8,3.7,4.5,2.3,2.0,0.3,1.4,2.2,12.7,8200000.0
24,Darrell Arthur,PF,27.0,DEN,70.0,16.0,21.7,3.2,7.0,0.452,0.6,1.7,0.385,2.5,5.3,0.473,0.498,0.6,0.8,0.755,1.2,3.0,4.2,1.4,0.8,0.7,0.9,2.6,7.5,2814000.0
25,Omer Asik,C,29.0,NOP,68.0,64.0,17.3,1.5,2.9,0.5329999999999999,0.0,0.0,,1.5,2.9,0.5329999999999999,0.5329999999999999,0.9,1.6,0.545,1.8,4.3,6.1,0.4,0.3,0.3,0.9,1.8,4.0,9213483.0
26,DJ Augustin,PG,28.0,TOT,62.0,0.0,19.0,2.4,5.6,0.423,1.1,2.7,0.405,1.3,2.9,0.44,0.52,1.7,2.1,0.805,0.1,1.4,1.5,3.2,0.6,0.1,1.4,1.4,7.5,3000000.0
27,Jeff Ayres,C,28.0,LAC,17.0,0.0,6.3,0.7,1.4,0.522,0.0,0.1,0.0,0.7,1.3,0.545,0.522,0.4,0.4,1.0,0.2,1.1,1.3,0.3,0.0,0.2,0.4,1.1,1.8,251890.0
28,Luke Babbitt,SF,26.0,NOP,47.0,13.0,18.0,2.6,6.1,0.422,0.9,2.3,0.404,1.7,3.8,0.433,0.498,0.8,1.1,0.78,0.5,2.6,3.1,1.1,0.2,0.1,0.5,1.9,7.0,1100602.0
29,Cameron Bairstow,C,25.0,CHI,18.0,2.0,5.7,0.7,2.2,0.325,0.1,0.3,0.2,0.7,1.9,0.343,0.338,0.4,0.4,0.875,0.2,1.3,1.6,0.3,0.1,0.2,0.2,1.1,1.9,845059.0
30,Leandro Barbosa,SG,33.0,GSW,68.0,0.0,15.9,2.5,5.4,0.462,0.6,1.6,0.355,1.9,3.8,0.508,0.515,0.8,0.9,0.8390000000000001,0.4,1.3,1.7,1.2,0.6,0.1,0.8,1.6,6.4,2500000.0
31,JJ Barea,PG,31.0,DAL,74.0,16.0,22.5,4.3,9.6,0.446,1.4,3.5,0.385,2.9,6.1,0.481,0.516,1.0,1.3,0.7709999999999999,0.4,1.7,2.1,4.1,0.4,0.0,1.5,1.5,10.9,
32,Andrea Bargnani,C,30.0,BRK,46.0,0.0,13.8,2.8,6.1,0.455,0.1,0.3,0.188,2.7,5.7,0.471,0.461,1.0,1.2,0.825,0.6,1.5,2.1,0.4,0.1,0.2,0.6,1.3,6.6,1362897.0
33,Harrison Barnes,SF,23.0,GSW,66.0,59.0,30.9,4.5,9.6,0.466,1.2,3.2,0.383,3.2,6.3,0.508,0.531,1.5,2.0,0.7609999999999999,1.2,3.8,4.9,1.8,0.6,0.2,0.9,2.1,11.7,3873398.0
34,Matt Barnes,SF,35.0,MEM,76.0,45.0,28.8,3.5,9.1,0.381,1.6,4.9,0.322,1.9,4.3,0.449,0.467,1.5,1.8,0.804,1.1,4.4,5.5,2.1,1.0,0.8,1.6,3.1,10.0,3542500.0
35,Will Barton,SG,25.0,DEN,82.0,1.0,28.7,5.2,12.0,0.4320000000000001,1.4,4.0,0.345,3.8,8.0,0.476,0.489,2.6,3.3,0.8059999999999999,0.7,5.1,5.8,2.5,0.9,0.5,1.7,1.8,14.4,3533333.0
36,Brandon Bass,PF,30.0,LAL,66.0,0.0,20.3,2.6,4.8,0.5489999999999999,0.0,0.0,0.0,2.6,4.8,0.552,0.5489999999999999,1.9,2.2,0.845,1.6,2.7,4.3,1.1,0.5,0.8,0.6,1.9,7.2,3000000.0
37,Nicolas Batum,SF,27.0,CHO,70.0,70.0,35.0,5.3,12.5,0.426,2.0,5.7,0.348,3.3,6.8,0.4920000000000001,0.506,2.3,2.7,0.8490000000000001,0.8,5.3,6.1,5.8,0.9,0.6,2.9,1.6,14.9,11860750.0
38,Jerryd Bayless,SG,27.0,MIL,52.0,18.0,28.9,3.6,8.4,0.423,1.9,4.4,0.4370000000000001,1.6,4.0,0.408,0.539,1.3,1.7,0.778,0.4,2.3,2.7,3.1,0.9,0.2,1.4,2.1,10.4,3000000.0
39,Aron Baynes,C,29.0,DET,81.0,1.0,15.2,2.4,4.7,0.505,0.0,0.0,0.0,2.4,4.7,0.508,0.505,1.6,2.0,0.764,1.7,3.0,4.7,0.6,0.3,0.6,0.8,1.9,6.3,6500000.0
40,Kent Bazemore,SF,26.0,ATL,75.0,68.0,27.8,4.3,9.7,0.441,1.5,4.1,0.35700000000000004,2.8,5.6,0.502,0.517,1.6,2.0,0.815,0.4,4.7,5.1,2.3,1.3,0.5,1.8,2.3,11.6,2000000.0
41,Bradley Beal,SG,22.0,WAS,55.0,35.0,31.1,6.5,14.5,0.449,1.9,4.9,0.387,4.6,9.6,0.481,0.515,2.5,3.2,0.767,0.7,2.7,3.4,2.9,1.0,0.2,2.0,2.1,17.4,5694673.0
42,Michael Beasley,PF,27.0,HOU,20.0,0.0,18.2,5.4,10.3,0.522,0.2,0.5,0.333,5.2,9.8,0.531,0.529,1.9,2.5,0.7759999999999999,1.5,3.5,4.9,0.8,0.6,0.5,1.2,2.0,12.8,306526.0
43,Marco Belinelli,SG,29.0,SAC,68.0,7.0,24.6,3.6,9.3,0.386,1.3,4.4,0.306,2.3,5.0,0.456,0.457,1.7,2.0,0.833,0.1,1.6,1.7,1.9,0.5,0.0,1.2,1.3,10.2,6060606.0
44,Anthony Bennett,PF,22.0,TOR,19.0,0.0,4.4,0.4,1.4,0.29600000000000004,0.2,0.7,0.214,0.3,0.7,0.385,0.35200000000000004,0.5,0.5,0.9,0.3,0.9,1.2,0.0,0.3,0.0,0.2,0.4,1.5,4597276.0
45,Patrick Beverley,PG,27.0,HOU,71.0,63.0,28.7,3.6,8.4,0.434,1.7,4.4,0.4,1.9,4.0,0.472,0.539,0.8,1.2,0.682,1.0,2.5,3.5,3.4,1.3,0.4,1.3,3.3,9.9,6486486.0
46,Bismack Biyombo,C,23.0,TOR,82.0,22.0,22.0,1.9,3.5,0.542,0.0,0.0,0.0,1.9,3.5,0.544,0.542,1.7,2.8,0.628,2.2,5.8,8.0,0.4,0.2,1.6,0.9,2.7,5.5,2814000.0
47,Nemanja Bjelica,PF,27.0,MIN,60.0,0.0,17.9,1.8,3.9,0.468,0.8,2.1,0.384,1.0,1.8,0.564,0.57,0.7,0.9,0.727,0.8,2.7,3.5,1.4,0.4,0.4,0.8,2.6,5.1,3950000.0
48,Tarik Black,C,24.0,LAL,39.0,0.0,12.7,1.5,2.7,0.5479999999999999,0.0,0.0,,1.5,2.7,0.5479999999999999,0.5479999999999999,0.5,1.2,0.422,1.1,2.9,4.0,0.4,0.4,0.5,0.6,2.0,3.4,845059.0
49,DeJuan Blair,C,26.0,WAS,29.0,0.0,7.5,1.0,2.3,0.412,0.0,0.0,0.0,1.0,2.3,0.418,0.412,0.2,0.4,0.385,0.7,1.3,2.0,0.4,0.3,0.1,0.5,1.8,2.1,2000000.0
50,Steve Blake,PG,35.0,DET,58.0,2.0,17.0,1.6,4.1,0.388,0.9,2.6,0.344,0.7,1.5,0.461,0.496,0.3,0.3,0.8,0.2,1.4,1.5,3.4,0.4,0.1,1.4,1.2,4.4,2100000.0
51,Eric Bledsoe,PG,26.0,PHO,31.0,31.0,34.2,7.2,15.9,0.453,1.5,4.2,0.3720000000000001,5.6,11.7,0.482,0.502,4.5,5.5,0.802,0.6,3.5,4.0,6.1,2.0,0.6,3.5,2.4,20.4,13500000.0
52,Bojan Bogdanovic,SF,26.0,BRK,79.0,39.0,26.8,4.1,9.5,0.433,1.6,4.3,0.382,2.5,5.2,0.474,0.519,1.4,1.7,0.833,0.5,2.8,3.2,1.3,0.4,0.1,1.5,1.5,11.2,3425510.0
53,Andrew Bogut,C,31.0,GSW,70.0,66.0,20.7,2.5,4.0,0.627,0.0,0.0,1.0,2.5,4.0,0.626,0.629,0.3,0.7,0.48,1.7,5.3,7.0,2.3,0.5,1.6,1.2,3.2,5.4,12000000.0
54,Matt Bonner,C,35.0,SAS,30.0,2.0,6.9,1.0,1.9,0.509,0.5,1.1,0.441,0.5,0.8,0.609,0.64,0.1,0.1,0.75,0.1,0.8,0.9,0.3,0.2,0.0,0.1,0.5,2.5,1499187.0
55,Devin Booker,SG,19.0,PHO,76.0,51.0,27.7,4.8,11.4,0.423,1.3,3.8,0.343,3.5,7.6,0.464,0.48,2.8,3.4,0.84,0.4,2.1,2.5,2.6,0.6,0.3,2.1,3.0,13.8,2055840.0
56,Trevor Booker,PF,28.0,UTA,79.0,2.0,20.7,2.4,4.9,0.49,0.2,0.5,0.293,2.3,4.4,0.513,0.505,0.9,1.3,0.67,2.1,3.6,5.7,1.1,0.7,0.5,1.0,2.1,5.9,4775000.0
57,Chris Bosh,PF,31.0,MIA,53.0,53.0,33.5,6.8,14.5,0.467,1.5,4.2,0.365,5.2,10.3,0.508,0.52,4.0,5.1,0.795,0.9,6.5,7.4,2.4,0.7,0.6,1.5,1.9,19.1,22192730.0
58,Avery Bradley,SG,25.0,BOS,76.0,72.0,33.4,6.0,13.4,0.447,1.9,5.4,0.361,4.1,8.1,0.505,0.52,1.3,1.6,0.78,0.6,2.3,2.9,2.1,1.5,0.3,1.4,2.2,15.2,7730337.0
59,Elton Brand,C,36.0,PHI,17.0,1.0,13.2,1.8,4.2,0.431,0.0,0.1,0.0,1.8,4.2,0.4370000000000001,0.431,0.5,0.5,0.889,0.5,3.2,3.7,1.1,0.5,0.5,0.6,1.9,4.1,890693.0
60,Corey Brewer,SF,29.0,HOU,82.0,12.0,20.4,2.6,6.7,0.384,0.7,2.7,0.272,1.8,4.0,0.46,0.439,1.3,1.7,0.75,0.5,1.9,2.4,1.3,1.0,0.2,1.0,2.0,7.2,8229375.0
61,Aaron Brooks,PG,31.0,CHI,69.0,0.0,16.1,2.7,6.8,0.401,1.0,2.7,0.35700000000000004,1.8,4.1,0.43,0.471,0.7,0.9,0.7659999999999999,0.3,1.2,1.5,2.6,0.4,0.1,1.2,1.9,7.1,2250000.0
62,Anthony Brown,SF,23.0,LAL,29.0,11.0,20.7,1.3,4.3,0.31,0.7,2.4,0.28600000000000003,0.7,1.9,0.339,0.389,0.6,0.7,0.85,0.3,2.1,2.4,0.7,0.5,0.2,0.5,1.2,4.0,525093.0
63,Lorenzo Brown,PG,25.0,PHO,8.0,0.0,7.6,1.0,3.1,0.32,0.1,1.0,0.125,0.9,2.1,0.412,0.34,0.4,0.5,0.75,0.0,0.9,0.9,1.4,0.4,0.1,1.1,0.5,2.5,222888.0
64,Markel Brown,SG,24.0,BRK,62.0,6.0,15.8,2.0,5.2,0.394,0.6,2.0,0.314,1.4,3.2,0.443,0.453,1.1,1.5,0.755,0.4,1.6,2.0,1.5,0.6,0.2,0.9,1.5,5.9,845059.0
65,Kobe Bryant,SF,37.0,LAL,66.0,66.0,28.2,6.0,16.9,0.358,2.0,7.1,0.285,4.0,9.8,0.41,0.417,3.5,4.3,0.826,0.6,3.1,3.7,2.8,0.9,0.2,2.0,1.7,17.6,25000000.0
66,Chase Budinger,SF,27.0,TOT,66.0,2.0,14.1,1.6,3.6,0.435,0.4,1.3,0.279,1.2,2.3,0.523,0.485,0.6,0.8,0.696,0.7,1.6,2.3,1.0,0.5,0.2,0.7,0.9,4.1,5258082.0
67,Reggie Bullock,SF,24.0,DET,37.0,0.0,11.6,1.2,2.6,0.439,0.6,1.4,0.415,0.6,1.2,0.467,0.551,0.4,0.4,0.933,0.4,1.5,1.8,0.7,0.3,0.1,0.2,0.8,3.3,1252400.0
68,Trey Burke,PG,23.0,UTA,64.0,0.0,21.3,4.1,9.9,0.413,1.4,4.0,0.344,2.7,5.9,0.46,0.483,1.0,1.3,0.8170000000000001,0.3,1.5,1.8,2.3,0.5,0.1,1.3,1.3,10.6,2658240.0
69,Alec Burks,SG,24.0,UTA,31.0,3.0,25.7,4.4,10.8,0.41,1.0,2.5,0.405,3.4,8.2,0.412,0.458,3.4,4.5,0.752,0.5,3.0,3.5,2.0,0.6,0.1,1.6,2.3,13.3,9213484.0
70,Caron Butler,SF,35.0,SAC,17.0,1.0,10.4,1.5,3.5,0.424,0.2,1.1,0.16699999999999998,1.3,2.4,0.537,0.449,0.6,0.7,0.833,0.3,1.0,1.3,0.6,0.5,0.1,0.2,1.1,3.7,1499187.0
71,Jimmy Butler,SG,26.0,CHI,67.0,67.0,36.9,7.0,15.4,0.454,1.0,3.1,0.312,6.1,12.4,0.489,0.485,5.9,7.1,0.8320000000000001,1.2,4.2,5.3,4.8,1.6,0.6,2.0,1.9,20.9,16407500.0
72,Rasual Butler,SF,36.0,SAS,46.0,0.0,9.4,1.1,2.3,0.471,0.3,1.1,0.306,0.7,1.2,0.618,0.5429999999999999,0.2,0.3,0.688,0.1,1.2,1.2,0.5,0.3,0.5,0.2,0.2,2.7,1499187.0
73,Bruno Caboclo,SF,20.0,TOR,6.0,1.0,7.2,0.2,2.0,0.083,0.2,1.2,0.14300000000000002,0.0,0.8,0.0,0.125,0.0,0.0,,0.2,0.2,0.3,0.2,0.3,0.2,0.7,0.3,0.5,1524000.0
74,Jose Calderon,PG,34.0,NYK,72.0,72.0,28.1,2.9,6.3,0.459,1.2,2.8,0.414,1.7,3.5,0.496,0.552,0.6,0.7,0.875,0.3,2.9,3.2,4.1,0.9,0.1,1.2,1.9,7.6,7402812.0
75,Kentavious CaldwellPope,SG,22.0,DET,76.0,76.0,36.7,5.3,12.6,0.42,1.5,4.9,0.309,3.8,7.8,0.489,0.479,2.4,3.0,0.8109999999999999,0.9,2.8,3.7,1.8,1.4,0.2,1.4,2.2,14.5,
76,Isaiah Canaan,SG,24.0,PHI,77.0,39.0,25.5,3.4,9.4,0.36,2.3,6.3,0.363,1.1,3.1,0.354,0.482,1.9,2.3,0.833,0.3,2.0,2.3,1.8,0.7,0.2,1.2,1.7,11.0,947276.0
77,Clint Capela,C,21.0,HOU,77.0,35.0,19.1,3.0,5.2,0.5820000000000001,0.0,0.0,0.0,3.0,5.1,0.583,0.5820000000000001,1.0,2.7,0.379,2.5,3.9,6.4,0.6,0.8,1.2,0.8,2.5,7.0,1242720.0
78,DeMarre Carroll,SF,29.0,TOR,26.0,22.0,30.2,4.0,10.4,0.389,1.8,4.5,0.39,2.3,5.8,0.388,0.474,1.2,1.9,0.6,1.2,3.5,4.7,1.0,1.7,0.2,1.1,2.4,11.0,13600000.0
79,Vince Carter,SG,39.0,MEM,60.0,3.0,16.8,2.2,5.7,0.388,1.0,2.8,0.349,1.2,2.9,0.425,0.474,1.2,1.4,0.833,0.5,1.9,2.4,0.9,0.6,0.3,0.6,1.7,6.6,4088019.0
80,Michael CarterWilliams,PG,24.0,MIL,54.0,37.0,30.5,4.6,10.3,0.452,0.3,1.0,0.273,4.4,9.3,0.472,0.466,2.0,3.0,0.654,0.9,4.2,5.1,5.2,1.5,0.8,2.8,3.0,11.5,
81,Omri Casspi,PF,27.0,SAC,69.0,21.0,27.2,4.3,9.0,0.481,1.6,4.0,0.409,2.7,5.0,0.537,0.5710000000000001,1.5,2.3,0.648,0.8,5.1,5.9,1.4,0.8,0.2,1.4,2.2,11.8,2836186.0
82,Willie CauleyStein,C,22.0,SAC,66.0,39.0,21.4,2.9,5.1,0.563,0.0,0.0,0.0,2.9,5.1,0.5670000000000001,0.563,1.2,1.9,0.648,2.0,3.3,5.3,0.6,0.7,1.0,0.7,2.2,7.0,
83,Mario Chalmers,PG,29.0,TOT,61.0,7.0,22.5,3.0,7.3,0.41,0.8,2.4,0.309,2.2,4.8,0.461,0.462,3.6,4.3,0.8320000000000001,0.4,2.2,2.6,3.8,1.4,0.2,1.8,3.0,10.3,4300000.0
84,Tyson Chandler,C,33.0,PHO,66.0,60.0,24.5,2.8,4.8,0.583,0.0,0.0,0.0,2.8,4.7,0.585,0.583,1.6,2.6,0.62,2.7,6.1,8.7,1.0,0.5,0.7,1.4,2.2,7.2,13000000.0
85,Rakeem Christmas,PF,24.0,IND,1.0,0.0,6.0,2.0,2.0,1.0,0.0,0.0,,2.0,2.0,1.0,1.0,0.0,0.0,,1.0,0.0,1.0,0.0,0.0,0.0,0.0,1.0,4.0,1007026.0
86,Ian Clark,SG,24.0,GSW,66.0,1.0,8.8,1.3,3.1,0.441,0.5,1.3,0.35700000000000004,0.9,1.8,0.5,0.515,0.4,0.5,0.8240000000000001,0.2,0.8,1.0,1.0,0.3,0.2,0.7,0.9,3.6,947276.0
87,Coty Clarke,SF,23.0,BOS,3.0,0.0,2.0,0.7,1.3,0.5,0.7,0.7,1.0,0.0,0.7,0.0,0.75,0.0,0.0,,0.0,0.3,0.3,0.0,0.0,0.0,0.3,0.0,2.0,61774.0
88,Jordan Clarkson,SG,23.0,LAL,79.0,79.0,32.3,6.0,13.9,0.433,1.4,4.1,0.34700000000000003,4.6,9.8,0.468,0.483,2.1,2.6,0.804,1.2,2.8,4.0,2.4,1.1,0.1,1.7,2.1,15.5,845059.0
89,Norris Cole,PG,27.0,NOP,45.0,23.0,26.6,4.4,10.8,0.405,0.7,2.3,0.324,3.6,8.5,0.4270000000000001,0.439,1.2,1.4,0.8,0.2,3.1,3.4,3.7,0.8,0.1,1.7,2.3,10.6,3203780.0
90,Darren Collison,PG,28.0,SAC,74.0,15.0,30.0,5.1,10.5,0.486,1.2,2.9,0.401,3.9,7.6,0.519,0.542,2.6,3.1,0.858,0.4,1.9,2.3,4.3,1.0,0.1,1.8,1.9,14.0,5013559.0
91,Nick Collison,PF,35.0,OKC,59.0,4.0,11.8,0.8,1.8,0.459,0.0,0.0,0.0,0.8,1.8,0.467,0.459,0.4,0.6,0.6970000000000001,1.2,1.7,2.9,0.9,0.3,0.3,0.8,1.8,2.1,3750000.0
92,Mike Conley,PG,28.0,MEM,56.0,56.0,31.4,5.3,12.4,0.422,1.4,3.8,0.363,3.9,8.6,0.449,0.478,3.4,4.1,0.8340000000000001,0.5,2.5,2.9,6.1,1.2,0.3,1.5,1.8,15.3,9680000.0
93,Pat Connaughton,SG,23.0,POR,34.0,0.0,4.2,0.4,1.4,0.265,0.1,0.6,0.238,0.2,0.8,0.28600000000000003,0.316,0.1,0.1,1.0,0.3,0.6,0.9,0.3,0.1,0.0,0.3,0.2,1.1,625093.0
94,Chris Copeland,PF,31.0,MIL,24.0,1.0,6.5,0.7,2.1,0.333,0.4,1.5,0.278,0.3,0.6,0.467,0.431,0.3,0.3,0.857,0.0,0.4,0.4,0.5,0.1,0.0,0.3,0.7,2.1,1150000.0
95,Bryce Cotton,PG,23.0,TOT,8.0,0.0,4.9,0.5,1.3,0.4,0.0,0.4,0.0,0.5,0.9,0.5710000000000001,0.4,0.0,0.0,,0.0,0.0,0.0,0.4,0.4,0.0,0.6,0.3,1.0,99418.0
96,DeMarcus Cousins,C,25.0,SAC,65.0,65.0,34.6,9.2,20.5,0.451,1.1,3.2,0.333,8.2,17.3,0.473,0.477,7.3,10.2,0.718,2.4,9.1,11.5,3.3,1.6,1.4,3.8,3.6,26.9,14728844.0
97,Robert Covington,SF,25.0,PHI,67.0,49.0,28.4,4.1,10.6,0.385,2.5,7.2,0.353,1.6,3.4,0.452,0.504,2.1,2.6,0.7909999999999999,1.0,5.3,6.3,1.4,1.6,0.6,2.1,3.5,12.8,1000000.0
98,Allen Crabbe,SG,23.0,POR,81.0,8.0,26.0,3.8,8.4,0.459,1.4,3.5,0.393,2.5,4.9,0.506,0.541,1.2,1.4,0.867,0.3,2.3,2.7,1.2,0.8,0.2,0.8,2.4,10.3,947276.0
99,Jamal Crawford,SG,35.0,LAC,79.0,5.0,26.9,4.8,11.9,0.404,1.5,4.4,0.34,3.3,7.5,0.44,0.466,3.1,3.4,0.904,0.3,1.6,1.8,2.3,0.7,0.2,1.4,1.5,14.2,5675000.0
100,Jae Crowder,SF,25.0,BOS,73.0,73.0,31.6,4.9,11.1,0.443,1.7,5.0,0.336,3.3,6.2,0.529,0.518,2.7,3.3,0.82,1.0,4.2,5.1,1.8,1.7,0.5,1.1,2.7,14.2,6796117.0
101,Dante Cunningham,SF,28.0,NOP,80.0,46.0,24.6,2.3,5.2,0.451,0.7,2.2,0.316,1.6,3.0,0.55,0.518,0.7,1.0,0.695,0.7,2.2,3.0,1.0,0.5,0.4,0.5,2.2,6.1,2850000.0
102,Jared Cunningham,SG,24.0,TOT,44.0,3.0,9.3,0.8,2.4,0.343,0.3,0.9,0.308,0.5,1.5,0.364,0.4,0.8,1.3,0.655,0.1,0.8,0.9,0.5,0.3,0.0,0.5,0.9,2.7,1039074.0
103,Seth Curry,PG,25.0,SAC,44.0,9.0,15.7,2.3,5.1,0.455,1.1,2.5,0.45,1.2,2.6,0.46,0.5670000000000001,1.0,1.2,0.833,0.2,1.2,1.4,1.5,0.5,0.1,0.8,0.9,6.8,947276.0
104,Stephen Curry,PG,27.0,GSW,79.0,79.0,34.2,10.2,20.2,0.504,5.1,11.2,0.454,5.1,9.0,0.5660000000000001,0.63,4.6,5.1,0.908,0.9,4.6,5.4,6.7,2.1,0.2,3.3,2.0,30.1,11370786.0
105,Troy Daniels,SG,24.0,CHO,43.0,0.0,11.1,2.1,4.3,0.476,1.4,2.8,0.484,0.7,1.5,0.462,0.634,0.1,0.2,0.556,0.2,1.2,1.3,0.5,0.3,0.1,0.6,0.9,5.6,947276.0
106,Anthony Davis,C,22.0,NOP,61.0,61.0,35.5,9.2,18.6,0.493,0.6,1.8,0.324,8.6,16.9,0.511,0.508,5.3,7.0,0.758,2.1,8.1,10.3,1.9,1.3,2.0,2.0,2.4,24.3,7070730.0
107,Ed Davis,PF,26.0,POR,81.0,0.0,20.8,2.5,4.2,0.611,0.0,0.0,,2.5,4.2,0.611,0.611,1.4,2.5,0.5589999999999999,2.8,4.6,7.4,1.1,0.7,0.9,0.8,2.5,6.5,6980802.0
108,Branden Dawson,PF,22.0,LAC,6.0,0.0,4.8,0.3,0.8,0.4,0.0,0.0,,0.3,0.8,0.4,0.4,0.2,0.2,1.0,0.3,0.3,0.7,0.0,0.0,0.2,0.0,0.3,0.8,525093.0
109,Dewayne Dedmon,C,26.0,ORL,58.0,20.0,12.2,1.7,3.1,0.5589999999999999,0.0,0.0,,1.7,3.1,0.5589999999999999,0.5589999999999999,1.0,1.3,0.75,1.2,2.8,3.9,0.2,0.4,0.8,0.6,1.9,4.4,947276.0
110,Bryce DejeanJones,SG,23.0,NOP,14.0,11.0,19.9,2.0,4.9,0.406,0.9,2.3,0.375,1.1,2.6,0.4320000000000001,0.493,0.8,1.5,0.524,0.6,2.9,3.4,1.1,0.7,0.1,0.8,1.2,5.6,
111,Sam Dekker,PF,21.0,HOU,3.0,0.0,2.0,0.0,0.0,,0.0,0.0,,0.0,0.0,,,0.0,0.0,,0.0,0.3,0.3,0.0,0.3,0.0,0.0,0.0,0.0,1646400.0
112,Matthew Dellavedova,PG,25.0,CLE,76.0,14.0,24.6,2.7,6.7,0.405,1.3,3.1,0.41,1.4,3.6,0.401,0.501,0.8,0.9,0.8640000000000001,0.4,1.7,2.1,4.4,0.6,0.1,1.5,2.3,7.5,1347276.0
113,Luol Deng,PF,30.0,MIA,74.0,73.0,32.4,4.6,10.1,0.455,1.2,3.5,0.344,3.4,6.6,0.513,0.514,2.0,2.6,0.755,1.5,4.5,6.0,1.9,1.0,0.4,1.1,1.6,12.3,10151612.0
114,DeMar DeRozan,SG,26.0,TOR,78.0,78.0,35.9,7.9,17.7,0.446,0.6,1.8,0.338,7.3,15.9,0.458,0.463,7.1,8.4,0.85,0.8,3.7,4.5,4.0,1.0,0.3,2.2,2.1,23.5,9500000.0
115,Boris Diaw,PF,33.0,SAS,76.0,4.0,18.2,2.7,5.0,0.527,0.3,0.9,0.362,2.3,4.1,0.564,0.56,0.7,1.0,0.737,0.8,2.3,3.1,2.3,0.3,0.3,1.3,1.3,6.4,7500000.0
116,Gorgui Dieng,C,26.0,MIN,82.0,39.0,27.1,3.8,7.1,0.532,0.1,0.2,0.3,3.7,6.8,0.54,0.537,2.5,3.0,0.8270000000000001,1.9,5.2,7.1,1.7,1.1,1.2,1.7,2.7,10.1,1474440.0
117,Spencer Dinwiddie,PG,22.0,DET,12.0,0.0,13.3,1.6,4.5,0.35200000000000004,0.1,0.8,0.1,1.5,3.7,0.409,0.361,1.6,2.8,0.5760000000000001,0.3,1.1,1.4,1.8,0.3,0.0,0.6,1.7,4.8,845059.0
118,Toney Douglas,PG,29.0,NOP,61.0,18.0,20.7,3.0,7.3,0.411,1.3,3.3,0.399,1.7,4.0,0.421,0.502,1.4,1.6,0.848,0.4,1.9,2.3,2.6,1.1,0.1,1.0,2.1,8.7,2971568.0
119,Goran Dragic,PG,29.0,MIA,72.0,72.0,32.8,5.8,12.2,0.477,0.9,2.8,0.312,4.9,9.3,0.527,0.513,1.7,2.3,0.727,0.8,3.1,3.8,5.8,1.0,0.2,2.6,2.6,14.1,14783000.0
120,Andre Drummond,C,22.0,DET,81.0,81.0,32.9,6.8,13.1,0.521,0.0,0.1,0.333,6.8,13.0,0.522,0.522,2.6,7.2,0.355,4.9,9.9,14.8,0.8,1.5,1.4,1.9,3.0,16.2,3272090.0
121,Jared Dudley,PF,30.0,WAS,81.0,41.0,25.9,2.9,6.0,0.478,1.2,2.9,0.42,1.6,3.1,0.534,0.581,0.9,1.2,0.735,0.7,2.9,3.5,2.1,0.9,0.2,1.0,2.3,7.9,4250000.0
122,Duje Dukan,SF,24.0,SAC,1.0,0.0,24.0,2.0,10.0,0.2,2.0,5.0,0.4,0.0,5.0,0.0,0.3,0.0,0.0,,2.0,2.0,4.0,1.0,1.0,0.0,0.0,2.0,6.0,525093.0
123,Tim Duncan,C,39.0,SAS,61.0,60.0,25.2,3.5,7.2,0.488,0.0,0.0,0.0,3.5,7.2,0.49,0.488,1.5,2.1,0.7020000000000001,1.9,5.4,7.3,2.7,0.8,1.3,1.5,2.0,8.6,5250000.0
124,Mike Dunleavy,SF,35.0,CHI,31.0,30.0,22.7,2.5,6.1,0.41,1.3,3.2,0.394,1.2,2.9,0.4270000000000001,0.513,0.9,1.2,0.784,0.3,2.4,2.7,1.3,0.5,0.3,0.8,2.1,7.2,4837500.0
125,Kevin Durant,SF,27.0,OKC,72.0,72.0,35.8,9.7,19.2,0.505,2.6,6.7,0.387,7.1,12.5,0.569,0.573,6.2,6.9,0.898,0.6,7.6,8.2,5.0,1.0,1.2,3.5,1.9,28.2,21971850.0
126,Cleanthony Early,SF,24.0,NYK,17.0,2.0,9.1,0.7,2.4,0.3,0.2,0.9,0.267,0.5,1.5,0.32,0.35,0.2,0.2,0.75,0.2,1.3,1.5,0.4,0.1,0.2,0.5,0.9,1.8,845059.0
127,Jarell Eddie,SF,24.0,WAS,26.0,0.0,5.7,0.8,2.5,0.308,0.6,1.8,0.319,0.2,0.7,0.278,0.423,0.3,0.3,1.0,0.1,0.8,0.9,0.2,0.2,0.0,0.0,0.2,2.4,349032.0
128,Wayne Ellington,SG,28.0,BRK,76.0,41.0,21.3,2.9,7.4,0.389,1.3,3.5,0.358,1.6,3.9,0.416,0.474,0.7,0.8,0.857,0.3,2.0,2.3,1.1,0.6,0.1,0.6,1.1,7.7,1500000.0
129,Monta Ellis,SG,30.0,IND,81.0,81.0,33.8,5.4,12.6,0.4270000000000001,1.1,3.5,0.309,4.3,9.1,0.472,0.47,2.0,2.5,0.7859999999999999,0.5,2.8,3.3,4.7,1.9,0.5,2.5,2.1,13.8,10300000.0
130,James Ennis,SF,25.0,TOT,22.0,5.0,15.0,2.5,5.1,0.478,1.2,2.6,0.448,1.3,2.5,0.509,0.593,1.1,1.5,0.735,1.0,1.0,1.9,1.0,0.7,0.2,0.9,1.3,7.2,944477.0
131,Tyler Ennis,PG,21.0,MIL,46.0,7.0,14.2,1.8,4.1,0.449,0.3,0.8,0.333,1.5,3.2,0.48,0.484,0.5,0.7,0.735,0.3,1.3,1.6,2.1,0.5,0.0,1.0,1.4,4.5,1662360.0
132,Jeremy Evans,SF,28.0,DAL,30.0,2.0,8.4,0.9,1.6,0.542,0.1,0.5,0.25,0.7,1.1,0.688,0.583,0.5,0.7,0.7140000000000001,0.4,1.4,1.8,0.1,0.2,0.3,0.2,0.6,2.4,1185784.0
133,Tyreke Evans,SG,26.0,NOP,25.0,25.0,30.6,5.4,12.6,0.433,1.3,3.4,0.388,4.1,9.2,0.45,0.486,3.0,3.7,0.7959999999999999,0.8,4.4,5.2,6.6,1.3,0.3,2.9,2.6,15.2,10734586.0
134,Festus Ezeli,C,26.0,GSW,46.0,13.0,16.7,2.7,5.0,0.5479999999999999,0.0,0.0,,2.7,5.0,0.5479999999999999,0.5479999999999999,1.5,2.9,0.53,2.0,3.6,5.6,0.7,0.4,1.1,0.8,2.0,7.0,2008748.0
135,Kenneth Faried,PF,26.0,DEN,67.0,64.0,25.3,5.2,9.3,0.5579999999999999,0.0,0.0,0.5,5.2,9.3,0.5579999999999999,0.5579999999999999,2.0,3.3,0.613,3.5,5.2,8.7,1.2,0.5,0.9,1.4,2.5,12.5,11235955.0
136,Jordan Farmar,PG,29.0,MEM,12.0,10.0,24.3,3.5,8.3,0.42,1.3,3.8,0.35600000000000004,2.2,4.6,0.473,0.5,0.8,0.8,1.0,0.3,1.8,2.1,3.1,1.3,0.2,1.5,1.8,9.2,2291455.0
137,Derrick Favors,PF,24.0,UTA,62.0,59.0,32.0,6.7,13.1,0.515,0.0,0.1,0.0,6.7,13.0,0.518,0.515,2.9,4.1,0.7090000000000001,2.7,5.4,8.1,1.5,1.2,1.5,1.7,2.4,16.4,12000000.0
138,Cristiano Felicio,C,23.0,CHI,31.0,4.0,10.4,1.3,2.3,0.556,0.0,0.1,0.0,1.3,2.2,0.588,0.556,0.8,1.1,0.7140000000000001,1.0,2.3,3.3,0.8,0.2,0.4,0.4,1.0,3.4,525093.0
139,Raymond Felton,PG,31.0,DAL,80.0,31.0,27.4,3.5,8.5,0.406,0.8,2.7,0.282,2.7,5.9,0.463,0.45,1.9,2.2,0.847,0.5,2.8,3.2,3.6,0.9,0.2,1.5,1.8,9.5,4540000.0
140,Evan Fournier,SF,23.0,ORL,79.0,71.0,32.5,5.4,11.8,0.462,2.0,4.9,0.4,3.5,6.8,0.506,0.546,2.5,3.0,0.836,0.4,2.4,2.8,2.7,1.2,0.0,1.7,2.7,15.4,2288204.0
141,Randy Foye,SG,32.0,TOT,81.0,8.0,20.3,2.1,6.0,0.35100000000000003,0.9,3.1,0.3,1.2,2.9,0.405,0.428,0.8,0.9,0.8240000000000001,0.3,1.6,1.9,2.0,0.5,0.4,1.1,1.6,5.9,3135000.0
142,Tim Frazier,PG,25.0,TOT,51.0,2.0,14.5,1.9,4.5,0.419,0.3,0.9,0.333,1.6,3.5,0.442,0.454,1.0,1.5,0.716,0.5,1.6,2.2,3.2,0.6,0.0,1.3,1.4,5.1,989216.0
143,Jimmer Fredette,SG,26.0,TOT,6.0,0.0,3.0,0.3,0.8,0.4,0.2,0.3,0.5,0.2,0.5,0.333,0.5,0.7,0.8,0.8,0.0,0.0,0.0,0.2,0.2,0.0,0.3,0.3,1.5,625167.0
144,Channing Frye,PF-C,32.0,TOT,70.0,32.0,17.1,2.2,5.0,0.438,1.3,3.4,0.387,0.9,1.6,0.545,0.569,0.4,0.5,0.857,0.5,2.8,3.3,1.0,0.4,0.4,0.6,1.8,6.1,8193029.0
145,Danilo Gallinari,SF,27.0,DEN,53.0,53.0,34.7,5.4,13.2,0.41,1.6,4.5,0.364,3.8,8.7,0.434,0.472,7.1,8.2,0.868,1.0,4.3,5.3,2.5,0.8,0.4,1.5,1.6,19.5,14000000.0
146,Langston Galloway,PG,24.0,NYK,82.0,7.0,24.8,2.8,7.2,0.393,0.9,2.7,0.344,1.9,4.4,0.423,0.458,1.0,1.4,0.754,0.5,3.0,3.5,2.5,0.9,0.3,0.7,2.2,7.6,845059.0
147,Kevin Garnett,PF,39.0,MIN,38.0,38.0,14.6,1.4,3.0,0.47,0.0,0.0,0.0,1.4,3.0,0.474,0.47,0.4,0.6,0.667,0.4,3.6,3.9,1.6,0.7,0.3,0.4,1.8,3.2,8500000.0
148,Marc Gasol,C,31.0,MEM,52.0,52.0,34.4,6.3,13.6,0.464,0.0,0.1,0.667,6.3,13.5,0.463,0.465,3.9,4.7,0.8290000000000001,1.1,5.8,7.0,3.8,1.0,1.3,2.3,2.7,16.6,19689000.0
149,Pau Gasol,C,35.0,CHI,72.0,72.0,31.8,6.5,13.8,0.469,0.3,1.0,0.348,6.2,12.9,0.478,0.481,3.2,4.0,0.792,2.2,8.9,11.0,4.1,0.6,2.0,2.3,2.1,16.5,7448760.0
150,Rudy Gay,SF,29.0,SAC,70.0,70.0,34.0,6.7,14.4,0.463,1.1,3.1,0.344,5.6,11.3,0.495,0.5,2.8,3.6,0.78,1.5,5.0,6.5,1.7,1.4,0.7,2.0,2.6,17.2,12403101.0
151,Alonzo Gee,SF,28.0,NOP,73.0,38.0,22.4,1.8,3.5,0.518,0.2,0.8,0.28300000000000003,1.6,2.7,0.59,0.551,0.6,0.9,0.667,0.8,2.5,3.4,1.0,0.9,0.2,0.8,2.3,4.5,1320000.0
152,Paul George,SF,25.0,IND,81.0,81.0,34.8,7.5,17.9,0.418,2.6,7.0,0.371,4.9,10.9,0.447,0.49,5.6,6.5,0.86,1.0,6.0,7.0,4.1,1.9,0.4,3.3,2.8,23.1,16900000.0
153,Taj Gibson,PF,30.0,CHI,73.0,55.0,26.5,3.6,6.8,0.526,0.0,0.0,0.0,3.6,6.8,0.529,0.526,1.4,2.0,0.6920000000000001,2.8,4.1,6.9,1.5,0.6,1.1,1.1,2.5,8.6,8500000.0
154,Manu Ginobili,SG,38.0,SAS,58.0,0.0,19.6,3.4,7.5,0.453,1.2,3.1,0.391,2.2,4.4,0.496,0.5329999999999999,1.6,1.9,0.813,0.4,2.1,2.5,3.1,1.1,0.2,1.7,1.7,9.6,2814000.0
155,Rudy Gobert,C,23.0,UTA,61.0,60.0,31.7,3.2,5.8,0.5589999999999999,0.0,0.0,,3.2,5.8,0.5589999999999999,0.5589999999999999,2.6,4.6,0.569,3.4,7.5,11.0,1.5,0.7,2.2,1.9,2.7,9.1,1175880.0
156,Drew Gooden,PF,34.0,WAS,30.0,0.0,10.2,1.1,3.4,0.32,0.2,1.4,0.171,0.9,2.1,0.419,0.354,0.3,0.5,0.643,0.9,1.9,2.8,0.4,0.3,0.4,0.4,1.3,2.7,3300000.0
157,Archie Goodwin,PG,21.0,PHO,57.0,13.0,19.5,3.1,7.4,0.417,0.4,1.7,0.232,2.7,5.7,0.474,0.444,2.3,3.4,0.674,0.5,2.0,2.5,2.1,0.5,0.2,1.8,1.5,8.9,1160160.0
158,Aaron Gordon,PF,20.0,ORL,78.0,37.0,23.9,3.5,7.4,0.473,0.5,1.8,0.29600000000000004,3.0,5.6,0.531,0.509,1.7,2.5,0.6679999999999999,2.0,4.5,6.5,1.6,0.8,0.7,0.8,2.0,9.2,4171680.0
159,Eric Gordon,SG,27.0,NOP,45.0,44.0,32.9,5.1,12.3,0.418,2.5,6.5,0.384,2.6,5.7,0.457,0.521,2.5,2.8,0.888,0.2,2.0,2.2,2.7,1.0,0.3,1.6,2.2,15.2,15514031.0
160,Marcin Gortat,C,31.0,WAS,75.0,74.0,30.1,5.8,10.2,0.5670000000000001,0.0,0.0,0.0,5.8,10.2,0.5670000000000001,0.5670000000000001,1.9,2.8,0.705,3.0,6.9,9.9,1.4,0.6,1.3,1.6,2.6,13.5,11217391.0
161,Andrew Goudelock,PG,27.0,HOU,8.0,0.0,6.3,1.1,2.5,0.45,0.1,1.1,0.111,1.0,1.4,0.727,0.475,0.4,0.5,0.75,0.1,0.1,0.3,0.5,0.8,0.3,0.9,0.5,2.8,200600.0
162,Jerami Grant,PF,21.0,PHI,77.0,52.0,26.8,3.3,7.8,0.419,0.5,1.9,0.24,2.8,5.9,0.477,0.448,2.8,4.2,0.6579999999999999,1.3,3.4,4.7,1.8,0.7,1.6,1.4,2.8,9.7,845059.0
163,Jerian Grant,PG,23.0,NYK,76.0,6.0,16.6,2.0,5.1,0.394,0.3,1.3,0.22,1.7,3.8,0.454,0.422,1.3,1.6,0.78,0.3,1.6,1.9,2.3,0.7,0.1,1.1,1.3,5.6,1572360.0
164,Danny Green,SG,28.0,SAS,79.0,79.0,26.1,2.7,7.1,0.376,1.5,4.4,0.332,1.2,2.7,0.448,0.48,0.4,0.6,0.7390000000000001,0.6,3.2,3.8,1.8,1.0,0.8,0.9,1.8,7.2,10000000.0
165,Draymond Green,PF,25.0,GSW,81.0,81.0,34.7,5.0,10.1,0.49,1.2,3.2,0.388,3.7,6.9,0.537,0.551,2.8,4.1,0.696,1.7,7.8,9.5,7.4,1.5,1.4,3.2,3.0,14.0,14260870.0
166,Erick Green,PG,24.0,TOT,9.0,0.0,4.7,0.6,1.4,0.385,0.1,0.6,0.2,0.4,0.9,0.5,0.423,0.2,0.2,1.0,0.3,0.3,0.7,0.3,0.1,0.0,0.0,0.4,1.4,199418.0
167,Gerald Green,SG,30.0,MIA,69.0,14.0,22.6,3.3,8.5,0.392,1.2,3.8,0.32299999999999995,2.1,4.7,0.446,0.463,1.0,1.3,0.7829999999999999,0.4,2.0,2.4,0.8,0.6,0.3,0.7,1.8,8.9,1362897.0
168,JaMychal Green,PF,25.0,MEM,78.0,15.0,18.5,2.9,6.3,0.465,0.2,0.6,0.333,2.8,5.8,0.478,0.48,1.3,1.8,0.752,1.8,3.0,4.8,0.9,0.6,0.4,1.1,2.4,7.4,845059.0
169,Jeff Green,SF,29.0,TOT,80.0,41.0,28.2,4.4,10.3,0.43,0.8,2.7,0.315,3.6,7.6,0.47,0.47,2.1,2.8,0.745,0.9,3.2,4.2,1.7,0.7,0.5,1.2,2.1,11.7,9200000.0
170,Blake Griffin,PF,26.0,LAC,35.0,35.0,33.4,8.6,17.2,0.499,0.2,0.5,0.333,8.4,16.7,0.504,0.504,4.0,5.5,0.727,1.5,6.9,8.4,4.9,0.8,0.5,2.4,2.7,21.4,18862876.0
171,Jorge Gutierrez,PG,27.0,CHO,12.0,0.0,5.3,0.5,0.9,0.545,0.0,0.2,0.0,0.5,0.8,0.667,0.545,0.8,0.9,0.909,0.0,0.6,0.6,1.4,0.3,0.0,0.5,0.3,1.8,300899.0
172,PJ Hairston,SF,23.0,TOT,66.0,52.0,19.9,2.2,6.2,0.355,1.1,3.7,0.29,1.1,2.5,0.449,0.441,0.8,1.0,0.7809999999999999,0.4,2.3,2.6,0.6,0.5,0.2,0.6,2.1,6.2,1201440.0
173,Jordan Hamilton,SF,25.0,NOP,11.0,4.0,27.6,4.5,10.5,0.422,1.2,4.1,0.289,3.3,6.5,0.507,0.478,1.3,1.9,0.667,1.1,4.5,5.6,2.3,0.7,0.3,1.5,2.2,11.4,119461.0
174,Tyler Hansbrough,PF,30.0,CHO,44.0,0.0,7.8,0.7,1.6,0.451,0.0,0.1,0.667,0.7,1.5,0.441,0.465,0.9,1.5,0.585,0.9,1.1,2.0,0.2,0.3,0.2,0.3,1.3,2.4,1185784.0
175,Tim Hardaway Jr,SG,23.0,ATL,51.0,1.0,16.9,2.2,5.2,0.43,0.9,2.8,0.338,1.3,2.4,0.537,0.521,1.0,1.1,0.893,0.1,1.5,1.7,1.0,0.4,0.1,0.5,0.9,6.4,1304520.0
176,James Harden,SG,26.0,HOU,82.0,82.0,38.1,8.7,19.7,0.439,2.9,8.0,0.359,5.8,11.7,0.494,0.512,8.8,10.2,0.86,0.8,5.3,6.1,7.5,1.7,0.6,4.6,2.8,29.0,15719062.0
177,Maurice Harkless,SF,22.0,POR,78.0,14.0,18.7,2.5,5.3,0.474,0.5,1.8,0.279,2.0,3.5,0.5760000000000001,0.522,0.9,1.4,0.622,1.3,2.3,3.6,0.9,0.6,0.4,0.8,1.6,6.4,
178,Justin Harper,PF,26.0,DET,5.0,0.0,7.0,0.8,2.0,0.4,0.8,1.8,0.444,0.0,0.2,0.0,0.6,0.2,0.4,0.5,0.0,0.2,0.2,0.0,0.2,0.0,0.4,0.6,2.6,99418.0
179,Montrezl Harrell,PF,22.0,HOU,39.0,1.0,9.7,1.5,2.3,0.644,0.0,0.0,0.0,1.5,2.3,0.652,0.644,0.6,1.2,0.522,0.6,1.0,1.7,0.4,0.3,0.3,0.4,1.2,3.6,1000000.0
180,Devin Harris,PG,32.0,DAL,64.0,0.0,20.0,2.6,5.8,0.447,0.8,2.5,0.329,1.8,3.4,0.532,0.516,1.6,2.2,0.721,0.3,1.9,2.2,1.8,0.9,0.2,1.0,1.9,7.6,4053446.0
181,Gary Harris,SG,21.0,DEN,76.0,76.0,32.1,4.7,10.1,0.469,1.4,3.9,0.354,3.3,6.2,0.5429999999999999,0.5379999999999999,1.4,1.8,0.82,0.7,2.2,2.9,1.9,1.3,0.2,1.3,1.9,12.3,1587480.0
182,Joe Harris,SG,24.0,CLE,5.0,0.0,3.0,0.2,0.8,0.25,0.2,0.8,0.25,0.0,0.0,,0.375,0.0,0.0,,0.0,0.6,0.6,0.4,0.0,0.0,0.2,0.2,0.6,845059.0
183,Tobias Harris,PF,23.0,TOT,76.0,74.0,33.1,5.5,11.7,0.469,1.1,3.1,0.335,4.4,8.6,0.518,0.514,2.7,3.2,0.831,1.3,5.4,6.7,2.2,0.9,0.5,1.4,2.0,14.7,16000000.0
184,Aaron Harrison,SG,21.0,CHO,21.0,0.0,4.4,0.2,0.9,0.263,0.1,0.5,0.3,0.1,0.4,0.222,0.342,0.2,0.6,0.417,0.2,0.5,0.7,0.1,0.3,0.0,0.2,0.5,0.9,525093.0
185,Udonis Haslem,PF,35.0,MIA,37.0,0.0,7.0,0.6,1.6,0.377,0.0,0.2,0.111,0.6,1.4,0.423,0.385,0.3,0.4,0.75,0.3,1.8,2.0,0.4,0.1,0.1,0.1,0.7,1.6,2854940.0
186,Spencer Hawes,PF,27.0,CHO,57.0,6.0,18.2,2.2,5.4,0.405,0.7,1.8,0.373,1.5,3.6,0.422,0.467,0.9,1.1,0.831,0.9,3.4,4.3,1.9,0.4,0.5,1.0,1.9,6.0,5543725.0
187,Chuck Hayes,C,32.0,HOU,2.0,0.0,12.0,0.5,1.0,0.5,0.0,0.0,,0.5,1.0,0.5,0.5,1.0,1.0,1.0,0.0,4.0,4.0,1.0,0.0,0.0,1.5,3.0,2.0,70549.0
188,Gordon Hayward,SF,25.0,UTA,80.0,80.0,36.2,6.5,15.0,0.433,1.8,5.1,0.349,4.7,9.9,0.477,0.493,4.9,6.0,0.8240000000000001,0.8,4.2,5.0,3.7,1.2,0.3,2.5,2.3,19.7,15409570.0
189,Gerald Henderson,SG,28.0,POR,72.0,0.0,19.9,3.2,7.3,0.439,0.7,1.9,0.353,2.6,5.5,0.468,0.484,1.6,2.0,0.767,0.4,2.5,2.9,1.0,0.5,0.3,0.9,1.2,8.7,6000000.0
190,John Henson,C,25.0,MIL,57.0,1.0,16.8,2.9,5.1,0.564,0.0,0.0,0.0,2.9,5.1,0.5660000000000001,0.564,1.2,2.1,0.59,1.5,2.4,3.9,0.9,0.3,1.9,1.1,2.3,7.0,2943220.0
191,Mario Hezonja,SF,20.0,ORL,79.0,9.0,17.9,2.3,5.3,0.433,0.8,2.4,0.349,1.4,2.9,0.504,0.513,0.6,0.7,0.907,0.4,1.9,2.2,1.4,0.5,0.2,1.2,1.6,6.1,3741480.0
192,Roy Hibbert,C,29.0,LAL,81.0,81.0,23.2,2.2,5.1,0.443,0.0,0.0,0.0,2.2,5.0,0.445,0.443,1.4,1.8,0.807,1.6,3.3,4.9,1.2,0.4,1.4,0.9,3.1,5.9,15514031.0
193,JJ Hickson,C,27.0,TOT,35.0,9.0,12.5,2.3,4.4,0.516,0.0,0.0,0.0,2.3,4.4,0.519,0.516,1.3,2.9,0.447,1.1,2.7,3.8,0.7,0.4,0.4,0.7,1.3,5.9,5583413.0
194,Nene,PF,33.0,WAS,57.0,11.0,19.2,3.7,6.7,0.544,0.0,0.1,0.0,3.7,6.7,0.5489999999999999,0.544,1.9,3.2,0.578,0.9,3.6,4.5,1.7,0.9,0.5,1.3,2.7,9.2,
195,George Hill,PG,29.0,IND,74.0,73.0,34.1,4.4,10.0,0.441,1.7,4.2,0.408,2.7,5.7,0.466,0.528,1.5,2.0,0.76,0.8,3.2,4.0,3.5,1.1,0.2,1.4,2.0,12.1,8000000.0
196,Jordan Hill,C,28.0,IND,73.0,11.0,20.7,3.8,7.5,0.506,0.0,0.0,0.0,3.8,7.5,0.507,0.506,1.2,1.7,0.7120000000000001,2.1,4.0,6.2,1.2,0.5,0.5,1.3,2.1,8.8,4000000.0
197,Solomon Hill,SF,24.0,IND,59.0,3.0,14.7,1.6,3.5,0.447,0.4,1.3,0.324,1.2,2.3,0.515,0.505,0.6,0.7,0.857,0.7,2.2,2.8,1.0,0.6,0.2,0.6,1.2,4.2,1358880.0
198,Darrun Hilliard,SG,22.0,DET,38.0,2.0,10.1,1.4,3.4,0.397,0.5,1.3,0.38,0.9,2.1,0.407,0.469,0.8,1.1,0.725,0.1,1.1,1.2,0.7,0.2,0.0,0.5,0.7,4.0,600000.0
199,Kirk Hinrich,PG,35.0,TOT,46.0,7.0,13.7,1.1,2.8,0.38,0.5,1.3,0.387,0.5,1.5,0.373,0.473,0.3,0.3,0.938,0.2,1.3,1.5,1.6,0.3,0.0,0.7,1.4,3.0,2870000.0
200,Jrue Holiday,PG,25.0,NOP,65.0,23.0,28.2,6.3,14.4,0.439,1.3,4.0,0.336,5.0,10.4,0.478,0.485,2.8,3.3,0.843,0.4,2.6,3.0,6.0,1.4,0.3,2.6,2.3,16.8,11000000.0
201,Justin Holiday,SG,26.0,TOT,53.0,5.0,14.6,1.7,4.3,0.386,0.7,2.0,0.343,1.0,2.3,0.423,0.465,0.5,0.7,0.73,0.2,1.5,1.7,1.1,0.6,0.4,0.7,1.2,4.5,947276.0
202,Ryan Hollins,C,31.0,TOT,37.0,12.0,12.4,1.3,2.1,0.62,0.0,0.0,,1.3,2.1,0.62,0.62,0.7,1.1,0.619,1.3,1.4,2.6,0.3,0.2,0.6,0.6,1.7,3.4,615906.0
203,Rondae HollisJefferson,SF,21.0,BRK,29.0,17.0,21.2,2.2,4.8,0.457,0.1,0.5,0.28600000000000003,2.0,4.3,0.476,0.471,1.3,1.8,0.7120000000000001,1.3,4.0,5.3,1.5,1.3,0.6,0.9,2.1,5.8,
204,Richaun Holmes,PF,22.0,PHI,51.0,1.0,13.8,2.2,4.4,0.514,0.2,0.9,0.182,2.1,3.5,0.596,0.532,1.0,1.5,0.6890000000000001,1.2,1.4,2.6,0.6,0.4,0.8,0.6,1.8,5.6,1075000.0
205,Rodney Hood,SG,23.0,UTA,79.0,79.0,32.2,5.2,12.3,0.42,2.0,5.7,0.359,3.1,6.6,0.472,0.503,2.2,2.5,0.86,0.5,2.9,3.4,2.7,0.9,0.2,1.6,2.6,14.5,1348440.0
206,Al Horford,C,29.0,ATL,82.0,82.0,32.1,6.5,12.8,0.505,1.1,3.1,0.344,5.4,9.7,0.557,0.547,1.3,1.6,0.7979999999999999,1.8,5.5,7.3,3.2,0.8,1.5,1.3,2.0,15.2,12000000.0
207,Dwight Howard,C,30.0,HOU,71.0,71.0,32.1,5.2,8.5,0.62,0.0,0.1,0.0,5.2,8.4,0.626,0.62,3.3,6.7,0.489,3.4,8.4,11.8,1.4,1.0,1.6,2.3,3.1,13.7,22359364.0
208,Marcelo Huertas,PG,32.0,LAL,53.0,0.0,16.4,1.8,4.3,0.422,0.3,1.2,0.262,1.5,3.2,0.479,0.457,0.5,0.5,0.931,0.3,1.4,1.7,3.4,0.5,0.1,1.5,1.4,4.5,525093.0
209,Josh Huestis,PF,24.0,OKC,5.0,0.0,11.0,1.0,2.4,0.417,0.8,1.2,0.667,0.2,1.2,0.16699999999999998,0.583,0.0,0.8,0.0,0.4,1.6,2.0,0.0,0.2,0.4,0.6,0.6,2.8,1140240.0
210,Kris Humphries,PF,30.0,TOT,53.0,17.0,15.8,2.3,5.6,0.41,0.6,2.0,0.315,1.6,3.5,0.465,0.468,1.3,1.6,0.7979999999999999,1.1,3.0,4.1,0.7,0.3,0.4,0.7,1.8,6.5,4440000.0
211,RJ Hunter,SG,22.0,BOS,36.0,0.0,8.8,1.0,2.7,0.3670000000000001,0.5,1.8,0.302,0.5,1.0,0.486,0.464,0.2,0.2,0.857,0.1,1.0,1.0,0.4,0.4,0.1,0.3,0.8,2.7,1148640.0
212,Serge Ibaka,PF,26.0,OKC,78.0,78.0,32.1,5.3,11.1,0.479,0.8,2.4,0.326,4.6,8.8,0.52,0.513,1.2,1.6,0.752,1.8,5.0,6.8,0.8,0.5,1.9,1.4,2.7,12.6,12250000.0
213,Andre Iguodala,SF,32.0,GSW,65.0,1.0,26.6,2.7,5.7,0.478,0.8,2.4,0.35100000000000003,1.9,3.3,0.57,0.552,0.8,1.3,0.614,0.8,3.2,4.0,3.4,1.1,0.3,1.2,1.6,7.0,11710456.0
214,Ersan Ilyasova,PF,28.0,TOT,74.0,56.0,25.4,3.8,8.9,0.424,1.3,3.5,0.371,2.5,5.4,0.458,0.496,1.5,2.1,0.721,1.9,3.5,5.4,0.9,0.7,0.4,1.0,2.3,10.4,7900000.0
215,Joe Ingles,SF,28.0,UTA,81.0,2.0,15.3,1.5,3.6,0.426,1.0,2.6,0.386,0.5,1.0,0.531,0.565,0.2,0.2,0.722,0.2,1.6,1.9,1.2,0.7,0.0,0.8,1.2,4.2,2100000.0
216,Damien Inglis,SF,20.0,MIL,20.0,1.0,7.8,0.7,1.9,0.35100000000000003,0.2,0.7,0.231,0.5,1.2,0.417,0.392,0.4,0.4,0.875,0.1,1.5,1.6,0.5,0.3,0.2,0.6,0.6,1.8,855000.0
217,Kyrie Irving,PG,23.0,CLE,53.0,53.0,31.5,7.4,16.6,0.448,1.6,4.9,0.321,5.8,11.6,0.502,0.496,3.2,3.6,0.885,0.8,2.1,3.0,4.7,1.1,0.3,2.3,2.0,19.6,16407500.0
218,Jarrett Jack,PG,32.0,BRK,32.0,32.0,32.1,4.4,11.2,0.391,1.0,3.2,0.304,3.4,8.0,0.426,0.434,3.1,3.5,0.893,0.3,4.0,4.3,7.4,1.1,0.2,2.9,2.4,12.8,6300000.0
219,Reggie Jackson,PG,25.0,DET,79.0,79.0,30.7,6.8,15.7,0.434,1.5,4.2,0.353,5.3,11.5,0.464,0.482,3.7,4.3,0.8640000000000001,0.7,2.5,3.2,6.2,0.7,0.1,2.8,2.4,18.8,13913044.0
220,LeBron James,SF,31.0,CLE,76.0,76.0,35.6,9.7,18.6,0.52,1.1,3.7,0.309,8.6,14.9,0.573,0.551,4.7,6.5,0.731,1.5,6.0,7.4,6.8,1.4,0.6,3.3,1.9,25.3,22970500.0
221,Al Jefferson,C,31.0,CHO,47.0,18.0,23.3,5.2,10.7,0.485,0.0,0.0,,5.2,10.7,0.485,0.485,1.5,2.4,0.649,1.2,5.2,6.4,1.5,0.6,0.9,0.7,2.5,12.0,13500000.0
222,Cory Jefferson,PF,25.0,PHO,8.0,0.0,6.3,1.1,2.8,0.409,0.0,0.1,0.0,1.1,2.6,0.429,0.409,0.5,0.8,0.667,0.8,1.3,2.0,0.0,0.0,0.1,0.0,1.0,2.8,362878.0
223,Richard Jefferson,SF,35.0,CLE,74.0,5.0,17.9,1.9,4.2,0.458,0.9,2.3,0.382,1.0,1.9,0.5539999999999999,0.564,0.8,1.2,0.667,0.2,1.5,1.7,0.8,0.4,0.2,0.6,1.7,5.5,1499187.0
224,John Jenkins,SG,24.0,TOT,43.0,3.0,11.2,1.7,3.7,0.444,0.4,1.2,0.314,1.3,2.5,0.505,0.494,0.5,0.6,0.833,0.2,1.1,1.3,0.8,0.2,0.0,0.6,0.5,4.1,981349.0
225,Brandon Jennings,PG,26.0,TOT,48.0,7.0,18.1,2.3,6.3,0.368,1.1,3.2,0.329,1.3,3.1,0.409,0.452,1.2,1.6,0.731,0.3,1.7,2.0,3.5,0.6,0.1,1.2,1.2,6.9,8344497.0
226,Jonas Jerebko,PF,28.0,BOS,78.0,0.0,15.1,1.5,3.7,0.413,0.6,1.4,0.398,1.0,2.3,0.421,0.488,0.8,1.0,0.782,1.0,2.7,3.7,0.8,0.3,0.3,0.7,1.8,4.4,5000000.0
227,Amir Johnson,PF,28.0,BOS,79.0,76.0,22.8,3.2,5.4,0.585,0.1,0.5,0.233,3.0,4.8,0.624,0.596,0.9,1.5,0.57,2.3,4.1,6.4,1.7,0.7,1.1,1.2,2.7,7.3,12000000.0
228,Chris Johnson,SF,25.0,UTA,70.0,2.0,12.2,1.0,2.8,0.371,0.4,1.4,0.273,0.6,1.4,0.474,0.441,0.5,0.6,0.81,0.4,1.5,1.9,0.6,0.5,0.3,0.6,1.4,2.9,
229,James Johnson,PF,28.0,TOR,57.0,32.0,16.2,2.0,4.2,0.475,0.4,1.2,0.303,1.6,3.1,0.54,0.517,0.7,1.2,0.574,0.5,1.7,2.2,1.2,0.5,0.6,0.9,1.5,5.0,2500000.0
230,Joe Johnson,SF,34.0,TOT,81.0,81.0,33.4,4.7,10.6,0.439,1.5,3.9,0.383,3.2,6.7,0.471,0.509,1.5,1.8,0.831,0.6,3.0,3.6,3.9,0.8,0.0,2.0,1.8,12.2,22309344.0
231,Orlando Johnson,SG,26.0,TOT,7.0,1.0,14.4,1.3,4.9,0.265,0.3,1.4,0.2,1.0,3.4,0.292,0.294,0.9,1.1,0.75,0.6,1.6,2.1,0.3,0.4,0.4,0.6,1.3,3.7,111444.0
232,Stanley Johnson,SF,19.0,DET,73.0,6.0,23.1,3.1,8.2,0.375,0.9,2.8,0.307,2.2,5.4,0.41,0.428,1.1,1.4,0.784,0.8,3.4,4.2,1.6,0.8,0.2,1.6,2.4,8.1,2841960.0
233,Tyler Johnson,SG,23.0,MIA,36.0,5.0,24.0,3.3,6.8,0.486,0.8,2.0,0.38,2.5,4.8,0.529,0.541,1.4,1.8,0.797,0.8,2.3,3.0,2.2,0.7,0.4,1.3,1.8,8.7,845059.0
234,Wesley Johnson,SF,28.0,LAC,80.0,9.0,20.8,2.6,6.4,0.404,1.3,3.9,0.333,1.3,2.6,0.51,0.504,0.4,0.6,0.652,0.5,2.6,3.1,0.6,1.1,0.7,0.7,2.2,6.9,1100602.0
235,Nikola Jokic,C,20.0,DEN,80.0,55.0,21.7,3.8,7.5,0.512,0.4,1.1,0.333,3.5,6.5,0.541,0.535,1.9,2.4,0.8109999999999999,2.3,4.7,7.0,2.4,1.0,0.6,1.3,2.6,10.0,1300000.0
236,Dahntay Jones,SF,35.0,CLE,1.0,0.0,42.0,6.0,14.0,0.429,1.0,2.0,0.5,5.0,12.0,0.417,0.464,0.0,0.0,,1.0,4.0,5.0,2.0,1.0,2.0,0.0,6.0,13.0,
237,James Jones,SF,35.0,CLE,48.0,0.0,9.6,1.2,3.0,0.408,0.9,2.2,0.394,0.4,0.8,0.447,0.5529999999999999,0.4,0.5,0.8079999999999999,0.2,0.9,1.0,0.3,0.2,0.2,0.3,1.0,3.7,1499187.0
238,Terrence Jones,PF,24.0,HOU,50.0,11.0,20.9,3.3,7.3,0.452,0.5,1.6,0.316,2.8,5.8,0.49,0.486,1.5,2.3,0.664,1.2,3.0,4.2,0.8,0.5,0.8,1.0,1.7,8.7,2489529.0
239,Tyus Jones,PG,19.0,MIN,37.0,0.0,15.5,1.5,4.2,0.359,0.4,1.4,0.302,1.1,2.8,0.388,0.41,0.8,1.1,0.718,0.2,1.1,1.3,2.9,0.8,0.1,0.9,0.9,4.2,1282080.0
240,DeAndre Jordan,C,27.0,LAC,77.0,77.0,33.7,4.6,6.6,0.703,0.0,0.0,0.0,4.6,6.6,0.7040000000000001,0.703,3.5,8.0,0.43,3.5,10.3,13.8,1.2,0.7,2.3,1.4,2.7,12.7,19689000.0
241,Cory Joseph,SG,24.0,TOR,80.0,4.0,25.6,3.2,7.3,0.439,0.4,1.4,0.273,2.8,5.9,0.478,0.465,1.7,2.2,0.764,0.5,2.1,2.6,3.1,0.8,0.3,1.3,1.6,8.5,7000000.0
242,Chris Kaman,C,33.0,POR,16.0,2.0,7.0,1.3,2.7,0.465,0.1,0.3,0.25,1.2,2.4,0.487,0.477,0.2,0.2,1.0,0.4,1.1,1.5,0.7,0.1,0.1,0.5,0.9,2.8,5000000.0
243,Frank Kaminsky,C,22.0,CHO,81.0,3.0,21.1,2.7,6.5,0.41,0.8,2.5,0.337,1.8,4.0,0.455,0.474,1.3,1.8,0.73,0.9,3.3,4.1,1.2,0.5,0.5,0.7,1.6,7.5,2612520.0
244,Enes Kanter,C,23.0,OKC,82.0,1.0,21.0,5.0,8.8,0.5760000000000001,0.1,0.3,0.476,4.9,8.5,0.579,0.583,2.4,3.1,0.797,3.0,5.1,8.1,0.4,0.3,0.4,1.4,2.0,12.7,16407500.0
245,Sergey Karasev,SF,22.0,BRK,40.0,5.0,10.0,0.8,1.9,0.405,0.3,0.9,0.297,0.5,0.9,0.514,0.48,0.7,0.7,0.929,0.2,1.3,1.5,0.9,0.2,0.1,0.6,0.7,2.4,1599840.0
246,Sasha Kaun,C,30.0,CLE,25.0,0.0,3.8,0.4,0.7,0.529,0.0,0.0,,0.4,0.7,0.529,0.529,0.2,0.4,0.455,0.5,0.6,1.0,0.1,0.2,0.2,0.3,0.4,0.9,1276000.0
247,Ryan Kelly,PF,24.0,LAL,36.0,0.0,13.1,1.5,4.1,0.369,0.1,1.0,0.135,1.4,3.1,0.446,0.386,1.0,1.5,0.685,0.6,2.8,3.4,0.6,0.4,0.3,0.5,1.1,4.2,1724250.0
248,Michael KiddGilchrist,SF,22.0,CHO,7.0,7.0,29.3,4.7,8.7,0.541,0.4,1.0,0.429,4.3,7.7,0.556,0.5660000000000001,2.9,4.1,0.69,1.7,4.7,6.4,1.3,0.4,0.4,1.1,1.3,12.7,
249,Sean Kilpatrick,SG,26.0,TOT,31.0,0.0,19.9,4.0,8.7,0.456,1.3,3.7,0.342,2.7,5.0,0.5379999999999999,0.528,1.9,2.2,0.8959999999999999,0.4,1.4,1.8,0.9,0.4,0.1,1.0,1.2,11.1,320594.0
250,Brandon Knight,SG,24.0,PHO,52.0,50.0,36.0,7.1,17.2,0.415,2.3,6.8,0.342,4.8,10.5,0.461,0.482,3.0,3.5,0.852,0.7,3.2,3.9,5.1,1.2,0.4,3.4,2.4,19.6,13500000.0
251,Kyle Korver,SG,34.0,ATL,80.0,80.0,30.0,3.4,7.7,0.435,2.0,5.0,0.398,1.4,2.7,0.502,0.563,0.6,0.7,0.833,0.2,3.1,3.3,2.1,0.8,0.4,1.2,2.0,9.2,5746479.0
252,Kosta Koufos,C,26.0,SAC,78.0,14.0,19.0,3.0,5.7,0.532,0.0,0.0,,3.0,5.7,0.532,0.532,0.7,1.3,0.5479999999999999,2.2,3.3,5.4,0.4,0.5,0.9,0.6,2.4,6.8,7700000.0
253,Jeremy Lamb,SG,23.0,CHO,66.0,0.0,18.6,3.5,7.7,0.451,0.8,2.7,0.309,2.6,5.0,0.529,0.506,1.0,1.3,0.727,0.7,3.2,3.8,1.2,0.6,0.5,0.8,1.6,8.8,3034356.0
254,Carl Landry,PF,32.0,PHI,36.0,12.0,15.8,3.9,6.9,0.556,0.2,0.4,0.462,3.7,6.6,0.561,0.568,1.9,2.5,0.736,1.4,2.7,4.1,0.9,0.3,0.3,0.6,1.9,9.8,6750000.0
255,Shane Larkin,PG,23.0,BRK,78.0,17.0,22.4,2.8,6.4,0.442,0.5,1.4,0.361,2.3,5.1,0.464,0.481,1.1,1.4,0.7759999999999999,0.4,1.9,2.3,4.4,1.2,0.2,1.9,1.6,7.3,1500000.0
256,Joffrey Lauvergne,C,24.0,DEN,59.0,15.0,17.6,3.3,6.4,0.513,0.2,0.9,0.245,3.1,5.5,0.557,0.53,1.1,1.2,0.899,1.3,3.6,4.9,0.9,0.2,0.3,0.9,1.9,7.9,1709719.0
257,Zach LaVine,SG,20.0,MIN,82.0,33.0,28.0,5.3,11.7,0.452,1.5,3.9,0.389,3.8,7.8,0.482,0.516,2.0,2.5,0.7929999999999999,0.3,2.5,2.8,3.1,0.8,0.2,1.9,2.4,14.0,2148360.0
258,Ty Lawson,PG,28.0,TOT,66.0,13.0,21.4,2.1,5.4,0.393,0.5,1.6,0.333,1.6,3.7,0.419,0.444,0.9,1.3,0.6859999999999999,0.4,1.4,1.8,3.6,0.8,0.1,1.4,1.3,5.7,12444552.0
259,Courtney Lee,SG,30.0,TOT,79.0,65.0,29.5,3.7,8.1,0.454,1.0,2.7,0.378,2.6,5.3,0.493,0.518,1.3,1.5,0.8390000000000001,0.4,2.2,2.6,1.7,1.1,0.4,0.9,1.7,9.6,5675000.0
260,David Lee,PF,32.0,TOT,55.0,5.0,16.4,3.2,6.1,0.531,0.0,0.0,0.0,3.2,6.1,0.5329999999999999,0.531,1.3,1.7,0.763,1.8,3.7,5.5,1.5,0.4,0.5,1.2,2.1,7.8,17120776.0
261,Alex Len,C,22.0,PHO,78.0,46.0,23.3,3.4,8.0,0.423,0.0,0.1,0.14300000000000002,3.4,7.9,0.426,0.424,2.2,3.1,0.728,2.3,5.3,7.6,1.2,0.5,0.8,1.9,2.9,9.0,3807120.0
262,Kawhi Leonard,SF,24.0,SAS,72.0,72.0,33.1,7.7,15.1,0.506,1.8,4.0,0.443,5.9,11.1,0.528,0.565,4.1,4.6,0.8740000000000001,1.3,5.5,6.8,2.6,1.8,1.0,1.5,1.8,21.2,16407500.0
263,Meyers Leonard,PF,23.0,POR,61.0,10.0,21.9,3.2,7.1,0.448,1.4,3.7,0.377,1.8,3.4,0.527,0.547,0.6,0.8,0.7609999999999999,0.8,4.3,5.1,1.5,0.1,0.3,1.3,3.0,8.4,3075879.0
264,Jon Leuer,PF,26.0,PHO,67.0,27.0,18.7,3.3,7.0,0.481,0.6,1.6,0.382,2.7,5.3,0.511,0.526,1.1,1.5,0.762,1.1,4.4,5.6,1.1,0.6,0.4,1.1,1.9,8.5,1035000.0
265,Damian Lillard,PG,25.0,POR,75.0,75.0,35.7,8.2,19.7,0.419,3.1,8.1,0.375,5.2,11.5,0.45,0.4970000000000001,5.5,6.2,0.892,0.6,3.4,4.0,6.8,0.9,0.4,3.2,2.2,25.1,4236286.0
266,Jeremy Lin,SG,27.0,CHO,78.0,13.0,26.3,3.8,9.3,0.412,1.0,2.9,0.336,2.9,6.4,0.446,0.464,3.1,3.7,0.815,0.5,2.7,3.2,3.0,0.7,0.5,1.9,2.1,11.7,2139000.0
267,Shaun Livingston,PG,30.0,GSW,78.0,3.0,19.5,2.6,4.9,0.536,0.0,0.2,0.16699999999999998,2.6,4.7,0.5479999999999999,0.5379999999999999,1.0,1.2,0.86,0.5,1.6,2.2,3.0,0.7,0.3,1.0,1.8,6.3,5543725.0
268,Kevon Looney,PF,19.0,GSW,5.0,0.0,4.2,0.8,1.4,0.5710000000000001,0.2,0.4,0.5,0.6,1.0,0.6,0.643,0.0,0.0,,0.8,1.2,2.0,0.0,0.0,0.0,0.2,0.4,1.8,1131960.0
269,Brook Lopez,C,27.0,BRK,73.0,73.0,33.7,8.1,15.8,0.511,0.0,0.2,0.14300000000000002,8.1,15.7,0.515,0.512,4.3,5.5,0.787,2.8,5.1,7.8,2.0,0.8,1.7,2.4,2.9,20.6,19689000.0
270,Robin Lopez,C,27.0,NYK,82.0,82.0,27.1,4.4,8.1,0.539,0.0,0.0,0.0,4.4,8.1,0.54,0.539,1.6,2.0,0.795,3.3,4.1,7.3,1.4,0.2,1.6,1.6,2.2,10.3,12650000.0
271,Kevin Love,PF,27.0,CLE,77.0,77.0,31.5,5.3,12.7,0.419,2.1,5.7,0.36,3.3,7.0,0.467,0.499,3.4,4.1,0.8220000000000001,1.9,8.0,9.9,2.4,0.8,0.5,1.8,2.1,16.0,19689000.0
272,Kyle Lowry,PG,29.0,TOR,77.0,77.0,37.0,6.6,15.6,0.4270000000000001,2.8,7.1,0.388,3.9,8.5,0.461,0.516,5.2,6.4,0.8109999999999999,0.7,4.0,4.7,6.4,2.1,0.4,2.9,2.7,21.2,12000000.0
273,Trey Lyles,PF,20.0,UTA,80.0,33.0,17.3,2.4,5.5,0.438,0.6,1.6,0.383,1.8,3.9,0.461,0.494,0.7,1.0,0.695,0.7,3.0,3.7,0.7,0.3,0.2,0.8,1.4,6.1,2239800.0
274,Shelvin Mack,PG,25.0,TOT,52.0,27.0,20.3,3.5,8.0,0.439,0.8,2.4,0.312,2.8,5.6,0.493,0.486,0.9,1.2,0.738,0.3,2.2,2.5,3.6,0.7,0.1,1.8,1.4,8.6,2433333.0
275,Ian Mahinmi,C,29.0,IND,71.0,71.0,25.6,3.7,6.3,0.589,0.0,0.0,,3.7,6.3,0.589,0.589,1.9,3.2,0.5870000000000001,1.9,5.2,7.1,1.5,0.9,1.1,1.4,3.1,9.3,4000000.0
276,Devyn Marble,SG,23.0,ORL,28.0,0.0,8.9,0.8,2.5,0.29600000000000004,0.3,1.1,0.25,0.5,1.4,0.333,0.35200000000000004,0.4,0.9,0.417,0.2,1.1,1.4,0.4,0.5,0.0,0.3,0.9,2.1,845059.0
277,Boban Marjanovic,C,27.0,SAS,54.0,4.0,9.4,1.9,3.2,0.603,0.0,0.0,,1.9,3.2,0.603,0.603,1.6,2.1,0.763,1.4,2.2,3.6,0.4,0.2,0.4,0.5,1.0,5.5,1200000.0
278,Kendall Marshall,PG,24.0,PHI,30.0,6.0,13.3,1.4,3.9,0.364,0.5,1.6,0.327,0.9,2.3,0.391,0.4320000000000001,0.3,0.4,0.6920000000000001,0.1,0.9,0.9,2.4,0.5,0.1,1.4,1.0,3.7,2144772.0
279,Jarell Martin,PF,21.0,MEM,27.0,0.0,14.1,2.0,4.3,0.466,0.0,0.1,0.0,2.0,4.2,0.474,0.466,1.7,2.3,0.726,1.4,1.7,3.2,0.6,0.3,0.3,0.7,2.1,5.7,1230840.0
280,Kevin Martin,SG,32.0,TOT,55.0,13.0,19.9,2.8,7.6,0.3720000000000001,0.9,2.5,0.36,1.9,5.1,0.378,0.431,2.8,3.1,0.89,0.3,1.7,2.0,1.1,0.5,0.1,1.0,1.5,9.3,7402474.0
281,Wesley Matthews,SF,29.0,DAL,78.0,78.0,33.9,4.2,10.9,0.388,2.4,6.7,0.36,1.8,4.2,0.4320000000000001,0.498,1.6,1.9,0.863,0.3,2.7,3.1,1.9,1.0,0.2,1.0,2.3,12.5,16407500.0
282,OJ Mayo,SG,28.0,MIL,41.0,24.0,26.6,2.9,7.8,0.371,1.3,4.0,0.321,1.6,3.9,0.421,0.452,0.8,1.0,0.775,0.3,2.2,2.6,2.9,1.2,0.2,1.8,3.1,7.8,8000000.0
283,Luc Mbah a Moute,PF,29.0,LAC,75.0,61.0,17.0,1.3,2.8,0.454,0.2,0.5,0.325,1.1,2.2,0.485,0.486,0.4,0.8,0.526,0.8,1.5,2.3,0.4,0.6,0.3,0.5,1.3,3.1,1270964.0
284,James Michael McAdoo,PF,23.0,GSW,41.0,1.0,6.4,1.1,2.0,0.536,0.0,0.0,0.5,1.1,2.0,0.537,0.542,0.6,1.2,0.531,0.7,0.7,1.4,0.4,0.2,0.2,0.4,1.0,2.9,845059.0
285,Ray McCallum,PG,24.0,TOT,41.0,6.0,11.6,1.3,3.6,0.377,0.4,1.0,0.35700000000000004,1.0,2.5,0.385,0.428,0.3,0.4,0.8,0.2,1.0,1.1,1.5,0.3,0.2,0.6,0.7,3.3,1076758.0
286,CJ McCollum,SG,24.0,POR,80.0,80.0,34.8,8.0,17.9,0.448,2.5,5.9,0.417,5.6,12.0,0.463,0.517,2.3,2.8,0.8270000000000001,0.6,2.7,3.2,4.3,1.2,0.3,2.5,2.3,20.8,2525160.0
287,TJ McConnell,PG,23.0,PHI,81.0,17.0,19.8,2.7,5.7,0.47,0.4,1.1,0.348,2.3,4.6,0.499,0.503,0.3,0.5,0.634,0.5,2.6,3.1,4.5,1.2,0.1,1.7,1.4,6.1,525093.0
288,Chris McCullough,PF,20.0,BRK,24.0,4.0,15.1,1.8,4.5,0.404,0.5,1.4,0.382,1.3,3.1,0.413,0.463,0.5,1.0,0.478,1.0,1.8,2.8,0.4,1.2,0.5,0.6,1.6,4.7,1140240.0
289,KJ McDaniels,SF,22.0,HOU,37.0,1.0,6.4,0.8,1.9,0.403,0.2,0.7,0.28,0.6,1.3,0.468,0.451,0.6,0.8,0.8,0.4,0.7,1.1,0.3,0.2,0.2,0.5,0.8,2.4,3189794.0
290,Doug McDermott,SF,24.0,CHI,81.0,4.0,23.0,3.6,8.0,0.452,1.4,3.2,0.425,2.2,4.8,0.47,0.537,0.9,1.0,0.857,0.5,2.0,2.4,0.7,0.2,0.1,0.7,1.6,9.4,2380440.0
291,Mitch McGary,PF,23.0,OKC,20.0,0.0,3.6,0.6,1.2,0.478,0.0,0.2,0.0,0.6,1.0,0.579,0.478,0.2,0.5,0.4,0.2,0.7,0.9,0.2,0.1,0.1,0.4,0.5,1.3,1463040.0
292,JaVale McGee,C,28.0,DAL,34.0,2.0,10.9,2.3,3.9,0.575,0.0,0.0,0.0,2.3,3.9,0.579,0.575,0.5,1.1,0.5,1.6,2.4,3.9,0.1,0.1,0.8,0.6,1.4,5.1,13270964.0
293,Ben McLemore,SG,22.0,SAC,68.0,53.0,21.2,2.9,6.7,0.429,1.0,2.7,0.362,1.9,4.0,0.474,0.502,1.1,1.5,0.718,0.5,1.7,2.2,1.2,0.8,0.1,1.5,2.1,7.8,3156600.0
294,Jordan McRae,PG,24.0,TOT,22.0,1.0,8.9,1.5,3.5,0.436,0.5,1.0,0.455,1.1,2.5,0.429,0.5,1.0,1.3,0.75,0.2,0.7,0.9,1.1,0.1,0.0,0.7,0.8,4.5,172971.0
295,Josh McRoberts,PF,28.0,MIA,42.0,1.0,14.2,1.3,3.5,0.3720000000000001,0.3,1.2,0.245,1.0,2.4,0.434,0.412,0.7,1.0,0.7,0.5,2.0,2.5,1.9,0.4,0.2,0.7,1.6,3.6,5543725.0
296,Jodie Meeks,SG,28.0,DET,3.0,0.0,14.3,2.3,6.7,0.35,1.3,3.0,0.444,1.0,3.7,0.273,0.45,1.3,1.3,1.0,0.3,1.3,1.7,1.0,0.0,0.0,0.3,0.7,7.3,6270000.0
297,Salah Mejri,C,29.0,DAL,34.0,6.0,11.7,1.4,2.3,0.628,0.0,0.0,0.0,1.4,2.3,0.636,0.628,0.8,1.4,0.5870000000000001,1.2,2.4,3.6,0.3,0.2,1.1,0.7,1.6,3.7,525093.0
298,Jordan Mickey,PF,21.0,BOS,16.0,0.0,3.6,0.5,1.4,0.364,0.0,0.0,,0.5,1.4,0.364,0.364,0.3,0.6,0.5,0.4,0.4,0.8,0.1,0.0,0.7,0.1,0.3,1.3,1170960.0
299,Khris Middleton,SG,24.0,MIL,79.0,79.0,36.1,6.4,14.5,0.444,1.8,4.6,0.396,4.6,9.9,0.466,0.507,3.5,3.9,0.888,0.6,3.3,3.8,4.2,1.7,0.2,2.3,2.6,18.2,14700000.0
300,CJ Miles,SF,28.0,IND,64.0,24.0,22.9,4.0,9.9,0.409,2.2,6.0,0.3670000000000001,1.8,3.9,0.474,0.521,1.5,1.9,0.75,0.4,2.3,2.7,1.0,0.8,0.5,1.1,2.2,11.8,4394225.0
301,Andre Miller,PG,39.0,TOT,39.0,4.0,11.8,1.5,2.7,0.557,0.1,0.2,0.25,1.5,2.5,0.5820000000000001,0.5660000000000001,0.6,0.8,0.75,0.3,1.0,1.3,2.2,0.4,0.0,0.9,1.2,3.7,1490369.0
302,Mike Miller,SF,35.0,DEN,47.0,2.0,7.9,0.5,1.3,0.355,0.4,1.1,0.365,0.1,0.2,0.3,0.508,0.0,0.0,,0.1,1.0,1.1,0.9,0.3,0.1,0.4,1.1,1.3,4354127.0
303,Patty Mills,PG,27.0,SAS,81.0,3.0,20.5,3.2,7.6,0.425,1.5,4.0,0.384,1.7,3.6,0.469,0.525,0.6,0.7,0.81,0.3,1.6,2.0,2.8,0.7,0.1,0.9,1.3,8.5,
304,Elijah Millsap,SG,28.0,UTA,20.0,0.0,8.7,0.6,2.0,0.282,0.1,0.6,0.083,0.5,1.4,0.37,0.295,0.7,0.9,0.722,0.3,1.5,1.8,1.0,0.4,0.2,0.5,1.7,1.8,352936.0
305,Paul Millsap,PF,30.0,ATL,81.0,81.0,32.7,6.2,13.2,0.47,0.9,2.9,0.319,5.3,10.3,0.512,0.505,3.8,5.0,0.757,2.4,6.6,9.0,3.3,1.8,1.7,2.4,2.9,17.1,18671659.0
306,Nikola Mirotic,PF,24.0,CHI,66.0,38.0,24.9,3.8,9.2,0.407,2.0,5.2,0.39,1.7,4.0,0.43,0.518,2.2,2.7,0.807,0.9,4.6,5.5,1.5,0.9,0.7,1.5,2.3,11.8,5543725.0
307,Nazr Mohammed,C,38.0,OKC,5.0,0.0,3.8,0.6,1.0,0.6,0.0,0.0,,0.6,1.0,0.6,0.6,0.4,0.4,1.0,0.2,0.6,0.8,0.0,0.0,0.0,0.6,0.8,1.6,352749.0
308,Greg Monroe,C,25.0,MIL,79.0,67.0,29.3,6.2,11.9,0.522,0.0,0.0,0.0,6.2,11.9,0.522,0.522,2.9,3.9,0.74,2.8,6.1,8.8,2.3,0.9,0.8,1.6,2.1,15.3,16407500.0
309,Luis Montero,SG,22.0,POR,12.0,0.0,3.5,0.4,1.6,0.263,0.1,0.8,0.111,0.3,0.8,0.4,0.289,0.3,0.3,0.75,0.0,0.3,0.3,0.1,0.0,0.0,0.3,0.1,1.2,525093.0
310,ETwaun Moore,SG,26.0,CHI,59.0,22.0,21.4,3.2,6.6,0.481,0.8,1.8,0.452,2.4,4.8,0.491,0.541,0.4,0.6,0.629,0.3,1.9,2.3,1.7,0.6,0.3,0.9,1.7,7.5,
311,Eric Moreland,PF,24.0,SAC,8.0,0.0,6.0,0.4,0.8,0.5,0.0,0.0,,0.4,0.8,0.5,0.5,0.3,0.5,0.5,0.4,1.0,1.4,0.1,0.0,0.5,0.4,0.5,1.0,845059.0
312,Marcus Morris,SF,26.0,DET,80.0,80.0,35.7,5.1,11.8,0.434,1.4,3.7,0.362,3.8,8.1,0.467,0.491,2.5,3.4,0.7490000000000001,1.1,3.9,5.1,2.5,0.8,0.3,1.8,2.1,14.1,5000000.0
313,Markieff Morris,PF,26.0,TOT,64.0,45.0,25.5,4.8,11.2,0.425,0.7,2.4,0.303,4.0,8.8,0.458,0.458,1.7,2.3,0.735,1.1,4.4,5.5,1.9,0.9,0.5,2.1,2.9,12.0,8000000.0
314,Anthony Morrow,SG,30.0,OKC,68.0,6.0,13.6,2.0,4.9,0.408,1.2,3.0,0.387,0.8,1.9,0.442,0.527,0.4,0.6,0.7440000000000001,0.1,0.8,0.9,0.4,0.3,0.1,0.3,0.9,5.6,3344000.0
315,Donatas Motiejunas,PF,25.0,HOU,37.0,22.0,14.8,2.4,5.5,0.439,0.4,1.5,0.281,2.0,4.0,0.5,0.478,0.9,1.4,0.642,1.0,1.9,2.9,1.1,0.5,0.1,1.2,1.9,6.2,
316,Timofey Mozgov,C,29.0,CLE,76.0,48.0,17.4,2.7,4.7,0.565,0.0,0.1,0.14300000000000002,2.7,4.6,0.574,0.5670000000000001,0.9,1.3,0.716,1.4,3.0,4.4,0.4,0.3,0.8,0.9,2.1,6.3,4950000.0
317,Emmanuel Mudiay,PG,19.0,DEN,68.0,66.0,30.4,4.8,13.3,0.364,1.1,3.4,0.319,3.8,9.9,0.379,0.404,2.1,3.1,0.67,0.5,2.9,3.4,5.5,1.0,0.5,3.2,2.1,12.8,3102240.0
318,Shabazz Muhammad,SF,23.0,MIN,82.0,0.0,20.5,3.9,8.3,0.465,0.5,1.9,0.289,3.3,6.5,0.516,0.498,2.3,3.0,0.764,1.2,2.0,3.3,0.6,0.3,0.1,0.9,1.1,10.5,2056920.0
319,Xavier Munford,SG,23.0,MEM,14.0,0.0,17.4,2.3,5.5,0.416,0.6,1.6,0.391,1.6,3.9,0.426,0.474,0.5,1.0,0.5,0.2,2.0,2.2,1.6,0.9,0.2,1.1,1.8,5.7,123548.0
320,Mike Muscala,C,24.0,ATL,60.0,0.0,9.4,1.3,2.5,0.5,0.2,0.7,0.308,1.1,1.9,0.5660000000000001,0.539,0.5,0.7,0.795,0.6,1.3,2.0,0.6,0.2,0.5,0.5,1.2,3.3,947276.0
321,Larry Nance Jr,PF,23.0,LAL,63.0,22.0,20.1,2.5,4.8,0.527,0.0,0.2,0.1,2.5,4.6,0.541,0.528,0.5,0.7,0.6809999999999999,1.6,3.3,5.0,0.7,0.9,0.4,0.7,2.0,5.5,1155600.0
322,Shabazz Napier,PG,24.0,ORL,55.0,0.0,10.9,1.2,3.7,0.338,0.6,1.9,0.327,0.6,1.8,0.35100000000000003,0.423,0.6,0.8,0.733,0.2,0.8,1.0,1.8,0.4,0.0,0.8,0.7,3.7,1294440.0
323,Gary Neal,SG,31.0,WAS,40.0,2.0,20.2,3.8,8.1,0.465,1.0,2.5,0.41,2.8,5.6,0.489,0.528,1.2,1.4,0.855,0.3,1.8,2.1,1.2,0.5,0.0,0.7,1.4,9.8,2139000.0
324,Jameer Nelson,PG,33.0,DEN,39.0,15.0,26.6,2.9,7.9,0.368,1.1,3.7,0.299,1.8,4.2,0.429,0.438,0.8,0.9,0.857,0.5,2.5,2.9,4.9,0.6,0.1,1.7,2.6,7.7,4345000.0
325,Raul Neto,PG,23.0,UTA,81.0,53.0,18.5,2.2,5.2,0.431,0.8,2.0,0.395,1.4,3.2,0.453,0.507,0.6,0.9,0.743,0.2,1.3,1.5,2.1,0.8,0.0,1.3,1.5,5.9,840000.0
326,Andrew Nicholson,PF,26.0,ORL,56.0,0.0,14.7,2.6,5.5,0.471,0.7,2.0,0.36,1.9,3.5,0.536,0.537,0.9,1.2,0.785,0.6,3.0,3.6,0.4,0.2,0.4,0.7,1.2,6.9,2380593.0
327,Joakim Noah,C,30.0,CHI,29.0,2.0,21.9,1.8,4.6,0.383,0.0,0.0,0.0,1.8,4.6,0.386,0.383,0.8,1.6,0.489,3.0,5.8,8.8,3.8,0.6,1.0,1.8,2.7,4.3,13400000.0
328,Nerlens Noel,C,21.0,PHI,67.0,62.0,29.3,4.6,8.8,0.521,0.0,0.0,0.5,4.6,8.7,0.521,0.522,2.0,3.4,0.59,2.3,5.8,8.1,1.8,1.8,1.5,2.4,2.9,11.1,3457800.0
329,Lucas Nogueira,C,23.0,TOR,29.0,1.0,7.8,1.0,1.5,0.636,0.0,0.1,0.333,0.9,1.4,0.659,0.648,0.3,0.5,0.5329999999999999,0.6,1.0,1.6,0.2,0.4,0.4,0.4,1.0,2.2,1842000.0
330,Steve Novak,PF,32.0,TOT,10.0,0.0,4.4,0.8,1.8,0.444,0.7,1.5,0.467,0.1,0.3,0.333,0.639,0.1,0.1,1.0,0.0,0.5,0.5,0.0,0.0,0.0,0.1,0.3,2.4,3758017.0
331,Dirk Nowitzki,PF,37.0,DAL,75.0,75.0,31.5,6.6,14.8,0.448,1.7,4.6,0.368,5.0,10.3,0.483,0.504,3.3,3.7,0.893,0.7,5.8,6.5,1.8,0.7,0.7,1.1,2.1,18.3,8333333.0
332,Jusuf Nurkic,C,21.0,DEN,32.0,3.0,17.1,3.2,7.6,0.417,0.0,0.1,0.0,3.2,7.5,0.423,0.417,1.9,3.1,0.616,2.0,3.4,5.5,1.3,0.8,1.4,1.7,2.8,8.2,1842000.0
333,JJ OBrien,SF,23.0,UTA,2.0,0.0,3.0,0.0,0.5,0.0,0.0,0.0,,0.0,0.5,0.0,0.0,0.0,0.0,,0.0,0.5,0.5,0.0,0.5,0.0,0.0,0.5,0.0,
334,Johnny OBryant,PF,22.0,MIL,66.0,4.0,13.0,1.3,3.2,0.411,0.0,0.0,1.0,1.3,3.2,0.409,0.414,0.4,0.6,0.675,1.0,1.7,2.7,0.5,0.3,0.1,0.5,1.5,3.0,
335,Kyle OQuinn,PF,25.0,NYK,65.0,1.0,11.8,2.0,4.2,0.476,0.1,0.3,0.227,1.9,3.8,0.498,0.485,0.7,0.9,0.767,1.2,2.7,3.8,1.1,0.3,0.8,0.9,1.6,4.8,
336,Jahlil Okafor,C,20.0,PHI,53.0,48.0,30.0,7.5,14.7,0.508,0.0,0.1,0.16699999999999998,7.5,14.6,0.511,0.509,2.5,3.7,0.6859999999999999,2.3,4.7,7.0,1.2,0.4,1.2,2.3,2.6,17.5,4582680.0
337,Victor Oladipo,SG,23.0,ORL,72.0,52.0,33.0,5.9,13.5,0.438,1.4,3.9,0.348,4.5,9.6,0.475,0.489,2.8,3.4,0.83,0.7,4.1,4.8,3.9,1.6,0.8,2.1,2.4,16.0,5192520.0
338,Kelly Olynyk,C,24.0,BOS,69.0,8.0,20.2,3.7,8.1,0.455,1.2,3.0,0.405,2.4,5.0,0.486,0.531,1.4,1.9,0.75,1.0,3.0,4.1,1.5,0.8,0.5,1.1,2.4,10.0,2165160.0
339,Kelly Oubre Jr,SF,20.0,WAS,63.0,9.0,10.7,1.4,3.3,0.4270000000000001,0.4,1.3,0.316,1.0,2.1,0.4920000000000001,0.486,0.5,0.8,0.633,0.4,1.7,2.1,0.2,0.3,0.1,0.5,1.6,3.7,
340,Zaza Pachulia,C,31.0,DAL,76.0,69.0,26.4,2.9,6.2,0.466,0.0,0.0,0.0,2.9,6.1,0.469,0.466,2.8,3.6,0.768,3.3,6.2,9.4,1.7,0.8,0.3,1.6,2.4,8.6,5200000.0
341,Kostas Papanikolaou,SF,25.0,DEN,26.0,6.0,11.3,0.9,2.5,0.364,0.4,1.2,0.313,0.5,1.3,0.412,0.439,0.3,0.5,0.643,0.3,1.2,1.5,0.6,0.5,0.2,0.8,0.9,2.6,800320.0
342,Jabari Parker,PF,20.0,MIL,76.0,72.0,31.7,5.8,11.8,0.493,0.1,0.5,0.257,5.7,11.4,0.502,0.498,2.3,3.0,0.768,1.6,3.6,5.2,1.7,0.9,0.4,1.5,2.0,14.1,5152440.0
343,Tony Parker,PG,33.0,SAS,72.0,72.0,27.5,4.9,9.9,0.493,0.4,0.9,0.415,4.5,9.0,0.501,0.512,1.8,2.4,0.76,0.2,2.2,2.4,5.3,0.8,0.2,1.8,1.6,11.9,13437500.0
344,Chandler Parsons,SF,27.0,DAL,61.0,51.0,29.5,5.2,10.7,0.4920000000000001,1.7,4.1,0.414,3.5,6.6,0.54,0.5710000000000001,1.5,2.2,0.684,0.5,4.2,4.7,2.8,0.8,0.3,1.6,1.9,13.7,15361500.0
345,Lamar Patterson,SG,24.0,ATL,35.0,0.0,11.3,0.8,2.3,0.35,0.3,1.4,0.245,0.5,0.9,0.516,0.425,0.5,0.6,0.727,0.1,1.3,1.4,1.1,0.3,0.1,0.7,1.3,2.4,525093.0
346,Patrick Patterson,PF,26.0,TOR,79.0,0.0,25.6,2.6,6.2,0.414,1.3,3.7,0.362,1.2,2.5,0.49,0.521,0.4,0.4,0.853,1.0,3.4,4.3,1.2,0.7,0.4,0.8,1.6,6.9,6268675.0
347,Chris Paul,PG,30.0,LAC,74.0,74.0,32.7,7.0,15.1,0.462,1.6,4.4,0.371,5.3,10.6,0.501,0.517,4.0,4.4,0.8959999999999999,0.5,3.7,4.2,10.0,2.1,0.2,2.6,2.5,19.5,21468695.0
348,Adreian Payne,PF,24.0,MIN,52.0,2.0,9.3,1.0,2.8,0.366,0.2,0.6,0.281,0.8,2.2,0.389,0.397,0.3,0.5,0.654,0.4,1.8,2.1,0.6,0.3,0.2,0.7,1.5,2.5,1938840.0
349,Cameron Payne,PG,21.0,OKC,57.0,1.0,12.2,2.0,4.9,0.41,0.6,1.9,0.324,1.4,2.9,0.467,0.475,0.3,0.4,0.792,0.2,1.3,1.5,1.9,0.6,0.1,0.8,1.4,5.0,2021520.0
350,Elfrid Payton,PG,21.0,ORL,73.0,69.0,29.4,4.4,10.0,0.436,0.4,1.3,0.326,3.9,8.7,0.451,0.456,1.5,2.6,0.589,1.1,2.5,3.6,6.4,1.2,0.3,2.4,2.2,10.7,2505720.0
351,Nikola Pekovic,C,30.0,MIN,12.0,3.0,13.0,1.6,4.2,0.38,0.0,0.0,,1.6,4.2,0.38,0.38,1.3,1.7,0.8,0.6,1.2,1.8,0.9,0.1,0.0,0.8,1.8,4.5,12100000.0
352,Kendrick Perkins,C,31.0,NOP,37.0,5.0,14.6,1.1,2.0,0.5329999999999999,0.0,0.0,,1.1,2.0,0.5329999999999999,0.5329999999999999,0.3,0.7,0.44,0.7,2.8,3.5,0.8,0.3,0.3,1.1,1.7,2.5,1499187.0
353,Paul Pierce,SF,38.0,LAC,68.0,38.0,18.1,2.1,5.8,0.363,1.1,3.6,0.31,1.0,2.3,0.445,0.457,0.8,1.0,0.818,0.2,2.6,2.7,1.0,0.5,0.3,0.9,1.9,6.1,3376000.0
354,Tibor Pleiss,C,26.0,UTA,12.0,0.0,6.8,0.9,2.1,0.44,0.0,0.2,0.0,0.9,1.9,0.478,0.44,0.2,0.2,1.0,0.5,0.8,1.3,0.2,0.1,0.2,0.7,1.6,2.0,2700000.0
355,Mason Plumlee,C,25.0,POR,82.0,82.0,25.4,3.3,6.3,0.516,0.0,0.0,0.0,3.3,6.3,0.52,0.516,2.6,4.1,0.642,2.5,5.2,7.7,2.8,0.8,1.0,1.9,3.1,9.1,1415520.0
356,Miles Plumlee,C,27.0,MIL,61.0,14.0,14.3,2.3,3.8,0.601,0.0,0.0,,2.3,3.8,0.601,0.601,0.6,1.0,0.5760000000000001,1.5,2.3,3.8,0.3,0.3,0.8,0.7,1.2,5.1,2109293.0
357,Otto Porter,SF,22.0,WAS,75.0,73.0,30.3,4.5,9.6,0.473,1.3,3.6,0.3670000000000001,3.2,6.0,0.536,0.541,1.3,1.7,0.754,1.3,3.9,5.2,1.6,1.4,0.4,0.9,2.2,11.6,4662960.0
358,Bobby Portis,PF,20.0,CHI,62.0,4.0,17.8,3.0,7.0,0.4270000000000001,0.3,0.8,0.308,2.7,6.2,0.443,0.445,0.8,1.1,0.727,2.0,3.5,5.4,0.8,0.4,0.4,0.9,1.6,7.0,1344120.0
359,Kristaps Porzingis,PF,20.0,NYK,72.0,72.0,28.4,5.2,12.3,0.421,1.1,3.4,0.333,4.1,8.9,0.454,0.467,2.8,3.3,0.838,1.8,5.5,7.3,1.3,0.7,1.9,1.7,2.8,14.3,4131720.0
360,Dwight Powell,PF,24.0,DAL,69.0,2.0,14.4,2.1,4.3,0.493,0.0,0.2,0.125,2.1,4.1,0.514,0.4970000000000001,1.5,2.1,0.7390000000000001,1.2,2.7,4.0,0.6,0.5,0.3,0.6,1.7,5.8,845059.0
361,Norman Powell,SG,22.0,TOR,49.0,24.0,14.8,2.0,4.7,0.424,0.7,1.8,0.404,1.2,2.9,0.436,0.502,0.9,1.1,0.8109999999999999,0.3,1.9,2.3,1.0,0.6,0.2,0.7,1.2,5.6,650000.0
362,Phil Pressey,PG,24.0,TOT,23.0,0.0,12.3,1.3,3.4,0.385,0.2,0.8,0.222,1.1,2.6,0.433,0.41,0.6,1.1,0.52,0.1,1.2,1.3,3.3,0.8,0.2,1.4,1.2,3.3,1014142.0
363,Ronnie Price,PG,32.0,PHO,62.0,18.0,19.5,1.9,4.9,0.384,1.1,3.2,0.34700000000000003,0.8,1.7,0.453,0.4970000000000001,0.5,0.7,0.7559999999999999,0.4,1.2,1.6,2.4,1.2,0.2,1.1,2.6,5.3,1499187.0
364,Pablo Prigioni,PG,38.0,LAC,59.0,3.0,13.9,0.9,2.5,0.374,0.5,1.6,0.295,0.5,0.9,0.519,0.469,0.1,0.1,0.875,0.6,1.3,1.9,2.2,0.9,0.0,0.8,1.4,2.5,1421348.0
365,Tayshaun Prince,SF,35.0,MIN,77.0,44.0,19.0,1.3,3.0,0.445,0.1,0.3,0.174,1.3,2.7,0.476,0.454,0.2,0.2,0.684,0.4,1.5,1.9,0.9,0.5,0.2,0.4,0.8,2.9,1499187.0
366,Julius Randle,PF,21.0,LAL,81.0,60.0,28.2,4.4,10.3,0.429,0.1,0.4,0.278,4.3,9.9,0.436,0.435,2.4,3.3,0.715,2.1,8.1,10.2,1.8,0.7,0.4,1.8,3.0,11.3,3132240.0
367,Zach Randolph,PF,34.0,MEM,68.0,53.0,29.6,6.3,13.3,0.475,0.1,0.4,0.231,6.3,13.0,0.482,0.479,2.5,3.2,0.7959999999999999,2.6,5.1,7.8,2.1,0.6,0.2,1.5,2.1,15.3,10000000.0
368,JJ Redick,SG,31.0,LAC,75.0,75.0,28.0,5.6,11.7,0.48,2.7,5.6,0.475,3.0,6.1,0.484,0.593,2.4,2.7,0.888,0.1,1.7,1.9,1.4,0.6,0.1,1.0,1.8,16.3,7085000.0
369,Willie Reed,C,25.0,BRK,39.0,2.0,10.9,1.9,3.4,0.5710000000000001,0.0,0.0,,1.9,3.4,0.5710000000000001,0.5710000000000001,0.8,1.4,0.545,1.3,1.9,3.1,0.3,0.2,0.8,0.4,1.2,4.7,525093.0
370,Josh Richardson,SG,22.0,MIA,52.0,2.0,21.3,2.4,5.2,0.452,1.0,2.2,0.461,1.3,3.0,0.446,0.55,0.8,1.2,0.667,0.4,1.7,2.1,1.4,0.7,0.5,0.7,2.1,6.6,525093.0
371,Austin Rivers,SG,23.0,LAC,67.0,7.0,21.9,3.4,7.7,0.438,0.9,2.8,0.335,2.4,4.9,0.495,0.498,1.2,1.7,0.6809999999999999,0.3,1.6,1.9,1.5,0.7,0.1,0.9,2.0,8.9,3110796.0
372,Andre Roberson,SG,24.0,OKC,70.0,70.0,22.2,1.9,3.9,0.496,0.5,1.5,0.311,1.5,2.4,0.608,0.555,0.5,0.8,0.611,1.1,2.5,3.6,0.7,0.8,0.6,0.5,1.9,4.8,1210800.0
373,Brian Roberts,PG,30.0,TOT,51.0,0.0,9.2,1.5,3.2,0.448,0.3,0.8,0.35700000000000004,1.2,2.4,0.48,0.494,0.8,0.9,0.894,0.1,0.7,0.8,1.1,0.2,0.0,0.5,0.7,4.0,2854940.0
374,Glenn Robinson III,SF,22.0,IND,45.0,4.0,11.3,1.4,3.4,0.43,0.3,0.8,0.378,1.1,2.5,0.447,0.477,0.6,0.9,0.6920000000000001,0.3,1.2,1.5,0.6,0.4,0.2,0.4,0.5,3.8,1100000.0
375,Nate Robinson,PG,31.0,NOP,2.0,1.0,11.5,0.0,0.5,0.0,0.0,0.5,0.0,0.0,0.0,,0.0,0.0,0.0,,0.0,0.0,0.0,2.0,0.5,0.0,0.0,2.5,0.0,26456.0
376,Thomas Robinson,PF,24.0,BRK,71.0,7.0,12.9,1.8,4.1,0.447,0.0,0.0,0.0,1.8,4.1,0.448,0.447,0.7,1.5,0.431,1.9,3.1,5.1,0.6,0.5,0.5,1.0,1.6,4.3,981348.0
377,Rajon Rondo,PG,29.0,SAC,72.0,72.0,35.2,4.9,10.9,0.454,0.9,2.4,0.365,4.1,8.5,0.479,0.494,1.2,2.1,0.58,1.1,5.0,6.0,11.7,2.0,0.1,3.9,2.4,11.9,9500000.0
378,Derrick Rose,PG,27.0,CHI,66.0,66.0,31.8,6.8,15.9,0.4270000000000001,0.7,2.3,0.293,6.1,13.6,0.449,0.448,2.2,2.7,0.7929999999999999,0.7,2.7,3.4,4.7,0.7,0.2,2.7,1.3,16.4,20093064.0
379,Terrence Ross,SF,24.0,TOR,73.0,7.0,23.9,3.7,8.6,0.431,1.8,4.6,0.386,1.9,3.9,0.484,0.536,0.7,0.8,0.79,0.3,2.2,2.5,0.8,0.7,0.3,0.6,1.6,9.9,3553917.0
380,Terry Rozier,PG,21.0,BOS,39.0,0.0,8.0,0.7,2.7,0.274,0.2,0.7,0.222,0.6,2.0,0.29100000000000004,0.302,0.2,0.3,0.8,0.6,1.0,1.6,0.9,0.2,0.0,0.5,0.6,1.8,1824360.0
381,Ricky Rubio,PG,25.0,MIN,76.0,76.0,30.6,2.9,7.7,0.374,0.8,2.5,0.326,2.1,5.2,0.396,0.4270000000000001,3.5,4.1,0.847,0.5,3.8,4.3,8.7,2.1,0.1,2.5,2.6,10.1,12700000.0
382,Damjan Rudez,SF,29.0,MIN,33.0,0.0,8.4,0.8,1.9,0.403,0.5,1.5,0.34,0.2,0.4,0.667,0.54,0.2,0.2,1.0,0.2,0.5,0.6,0.3,0.1,0.0,0.4,1.0,2.3,1149500.0
383,Brandon Rush,SG,30.0,GSW,72.0,25.0,14.7,1.5,3.6,0.4270000000000001,0.9,2.2,0.414,0.6,1.4,0.447,0.552,0.3,0.4,0.643,0.3,2.2,2.5,0.8,0.3,0.3,0.5,0.8,4.2,1270964.0
384,DAngelo Russell,PG,19.0,LAL,80.0,48.0,28.2,4.9,12.0,0.41,1.6,4.6,0.35100000000000003,3.3,7.3,0.447,0.478,1.8,2.4,0.737,0.6,2.8,3.4,3.3,1.2,0.2,2.5,1.8,13.2,
385,Robert Sacre,C,26.0,LAL,25.0,1.0,12.8,1.2,3.0,0.413,0.0,0.0,,1.2,3.0,0.413,0.413,1.0,1.5,0.6579999999999999,1.3,1.6,2.9,0.6,0.2,0.4,0.5,1.7,3.5,981358.0
386,JaKarr Sampson,SF,22.0,TOT,73.0,40.0,15.9,1.9,4.3,0.442,0.2,0.9,0.222,1.7,3.5,0.496,0.464,1.1,1.7,0.6559999999999999,0.6,2.0,2.6,0.6,0.3,0.5,1.0,1.9,5.1,1103547.0
387,Dennis Schroder,PG,22.0,ATL,80.0,6.0,20.3,4.1,9.8,0.421,1.0,3.0,0.322,3.2,6.8,0.465,0.471,1.8,2.3,0.7909999999999999,0.3,2.2,2.6,4.4,0.9,0.1,2.3,1.7,11.0,
388,Luis Scola,PF,35.0,TOR,76.0,76.0,21.5,3.5,7.9,0.45,0.9,2.1,0.404,2.7,5.8,0.467,0.504,0.8,1.1,0.726,1.1,3.6,4.7,0.9,0.6,0.4,0.9,2.3,8.7,2900000.0
389,Mike Scott,PF,27.0,ATL,75.0,0.0,15.3,2.3,5.0,0.468,0.8,2.1,0.392,1.5,2.9,0.523,0.551,0.7,0.8,0.794,0.7,2.0,2.7,1.0,0.3,0.2,0.6,1.4,6.2,3333333.0
390,Thabo Sefolosha,SF,31.0,ATL,75.0,11.0,23.4,2.5,5.0,0.505,0.6,1.7,0.339,1.9,3.3,0.589,0.562,0.8,1.3,0.626,0.7,3.8,4.5,1.4,1.1,0.5,0.9,1.5,6.4,4000000.0
391,Kevin Seraphin,C,26.0,NYK,48.0,0.0,11.0,1.8,4.3,0.41,0.0,0.0,0.0,1.8,4.2,0.414,0.41,0.4,0.5,0.826,0.6,2.0,2.6,1.0,0.2,0.8,0.9,1.4,3.9,2814000.0
392,Ramon Sessions,PG,29.0,WAS,82.0,5.0,20.3,3.4,7.2,0.473,0.4,1.4,0.324,3.0,5.9,0.507,0.503,2.6,3.5,0.7559999999999999,0.3,2.2,2.5,2.9,0.6,0.1,1.4,1.2,9.9,2170465.0
393,Iman Shumpert,SG,25.0,CLE,54.0,5.0,24.4,2.1,5.6,0.374,0.8,2.7,0.295,1.3,2.9,0.447,0.444,0.7,0.9,0.784,0.6,3.2,3.8,1.7,1.0,0.4,1.1,2.2,5.8,8988765.0
394,Jonathon Simmons,SG,26.0,SAS,55.0,2.0,14.8,2.2,4.4,0.504,0.3,0.9,0.383,1.9,3.5,0.5329999999999999,0.541,1.3,1.7,0.75,0.3,1.5,1.7,1.1,0.4,0.1,1.0,1.9,6.0,525093.0
395,Henry Sims,C,25.0,BRK,14.0,4.0,18.8,2.4,5.5,0.429,0.0,0.0,,2.4,5.5,0.429,0.429,1.8,2.1,0.833,1.5,3.6,5.1,0.6,0.6,1.0,0.9,2.6,6.5,161633.0
396,Kyle Singler,SF,27.0,OKC,68.0,2.0,14.4,1.3,3.3,0.389,0.4,1.4,0.309,0.8,1.8,0.452,0.457,0.4,0.6,0.659,0.7,1.3,2.1,0.4,0.4,0.1,0.5,1.8,3.4,4500000.0
397,Donald Sloan,PG,28.0,BRK,61.0,33.0,21.6,2.5,5.7,0.44,0.6,1.6,0.384,1.9,4.1,0.462,0.494,1.3,1.7,0.75,0.3,2.6,2.8,4.4,0.5,0.1,1.3,1.2,7.0,1015421.0
398,Marcus Smart,PG,21.0,BOS,61.0,10.0,27.3,3.0,8.7,0.348,1.0,4.0,0.253,2.0,4.7,0.4270000000000001,0.405,2.1,2.7,0.777,1.2,2.9,4.2,3.0,1.5,0.3,1.3,3.0,9.1,3431040.0
399,Greg Smith,PF,25.0,MIN,18.0,0.0,10.7,1.0,1.8,0.563,0.0,0.0,,1.0,1.8,0.563,0.563,0.4,0.9,0.412,0.7,1.7,2.3,0.3,0.2,0.1,0.4,1.6,2.4,197111.0
400,Ish Smith,PG,27.0,TOT,77.0,53.0,29.1,5.2,12.6,0.411,0.7,2.2,0.329,4.4,10.4,0.428,0.44,1.6,2.3,0.693,0.6,3.4,4.0,6.5,1.1,0.3,2.3,1.7,12.6,
401,JR Smith,SG,30.0,CLE,77.0,77.0,30.7,4.6,11.0,0.415,2.6,6.6,0.4,1.9,4.4,0.438,0.535,0.6,0.9,0.634,0.6,2.3,2.8,1.7,1.1,0.3,0.8,2.6,12.4,5000000.0
402,Jason Smith,C,29.0,ORL,76.0,2.0,15.5,3.2,6.6,0.485,0.1,0.2,0.25,3.2,6.4,0.493,0.489,0.7,0.9,0.8059999999999999,0.7,2.2,2.9,0.8,0.4,0.9,0.8,2.1,7.2,4300000.0
403,Josh Smith,PF,30.0,TOT,55.0,7.0,16.0,2.3,6.3,0.364,0.7,2.6,0.287,1.6,3.7,0.417,0.423,0.7,1.2,0.552,0.9,2.6,3.5,1.6,0.6,0.9,1.4,2.1,6.0,6830916.0
404,Russ Smith,PG,24.0,MEM,15.0,0.0,4.4,0.5,1.5,0.318,0.1,0.3,0.2,0.4,1.1,0.353,0.341,0.5,0.9,0.615,0.1,0.5,0.6,0.7,0.3,0.1,0.5,0.3,1.5,845059.0
405,Tony Snell,SF,24.0,CHI,64.0,33.0,20.3,2.0,5.3,0.3720000000000001,0.9,2.4,0.361,1.1,2.9,0.38,0.454,0.5,0.5,0.909,0.3,2.8,3.1,1.0,0.3,0.3,0.8,1.6,5.3,1535880.0
406,Marreese Speights,C,28.0,GSW,72.0,0.0,11.6,2.7,6.3,0.4320000000000001,0.3,0.9,0.387,2.4,5.5,0.439,0.458,1.3,1.6,0.825,1.1,2.3,3.3,0.8,0.3,0.5,0.9,1.6,7.1,3815500.0
407,Tiago Splitter,C,31.0,ATL,36.0,2.0,16.1,2.3,4.3,0.523,0.0,0.1,0.0,2.3,4.3,0.529,0.523,1.1,1.3,0.813,1.3,2.1,3.3,0.8,0.6,0.3,0.7,2.0,5.6,8500000.0
408,Nik Stauskas,SG,22.0,PHI,73.0,35.0,24.8,2.9,7.5,0.385,1.5,4.5,0.326,1.4,3.0,0.473,0.483,1.2,1.6,0.7709999999999999,0.3,2.2,2.5,1.9,0.6,0.3,1.3,1.6,8.5,2869440.0
409,Lance Stephenson,SF,25.0,TOT,69.0,13.0,19.9,3.3,6.9,0.481,0.4,1.1,0.385,2.9,5.7,0.5,0.513,1.3,1.6,0.784,0.6,2.7,3.2,1.9,0.6,0.1,1.4,2.0,8.3,9000000.0
410,Alex Stepheson,PF,28.0,TOT,8.0,0.0,9.1,1.1,3.4,0.333,0.0,0.0,,1.1,3.4,0.333,0.333,0.5,1.5,0.333,2.4,1.1,3.5,0.3,0.1,0.6,0.0,1.5,2.8,92662.0
411,Jarnell Stokes,C,22.0,TOT,7.0,0.0,2.6,0.4,0.7,0.6,0.0,0.0,,0.4,0.7,0.6,0.6,0.1,0.3,0.5,0.1,0.4,0.6,0.1,0.1,0.0,0.0,0.1,1.0,845059.0
412,Amare Stoudemire,C,33.0,MIA,52.0,36.0,14.7,2.4,4.3,0.5660000000000001,0.0,0.0,,2.4,4.3,0.5660000000000001,0.5660000000000001,1.0,1.3,0.746,1.3,3.0,4.3,0.5,0.3,0.8,0.9,1.8,5.8,1499187.0
413,Rodney Stuckey,PG,29.0,IND,58.0,1.0,22.0,3.2,7.6,0.413,0.3,1.4,0.241,2.8,6.2,0.453,0.436,2.3,2.7,0.8290000000000001,0.3,2.4,2.7,2.4,0.7,0.1,1.3,1.3,8.9,7000000.0
414,Jared Sullinger,PF,23.0,BOS,81.0,73.0,23.6,4.3,10.0,0.435,0.4,1.3,0.282,4.0,8.7,0.458,0.453,1.3,2.0,0.64,2.4,5.9,8.3,2.3,0.9,0.6,1.3,2.6,10.3,2269260.0
415,Edy Tavares,C,23.0,ATL,11.0,0.0,6.6,1.0,1.7,0.579,0.0,0.0,,1.0,1.7,0.579,0.579,0.3,0.7,0.375,0.6,1.3,1.9,0.3,0.1,0.5,0.5,0.7,2.3,
416,Jeff Teague,PG,27.0,ATL,79.0,78.0,28.5,5.5,12.5,0.439,1.4,3.5,0.4,4.1,9.0,0.454,0.495,3.3,3.9,0.8370000000000001,0.4,2.3,2.7,5.9,1.2,0.3,2.8,2.1,15.7,8000000.0
417,Mirza Teletovic,PF,30.0,PHO,79.0,1.0,21.3,4.2,9.8,0.4270000000000001,2.3,5.8,0.393,1.9,4.0,0.476,0.544,1.5,2.0,0.774,0.7,3.1,3.8,1.1,0.4,0.3,1.1,2.0,12.2,5500000.0
418,Garrett Temple,SF,29.0,WAS,80.0,43.0,24.4,2.5,6.3,0.398,1.1,3.2,0.345,1.4,3.1,0.453,0.486,1.1,1.6,0.728,0.5,2.2,2.7,1.8,0.9,0.2,0.8,2.4,7.3,1100602.0
419,Jason Terry,SG,38.0,HOU,72.0,7.0,17.5,2.1,5.2,0.402,1.3,3.6,0.35600000000000004,0.8,1.6,0.504,0.525,0.4,0.5,0.818,0.2,0.9,1.1,1.4,0.7,0.1,0.7,1.3,5.9,1499187.0
420,Isaiah Thomas,PG,26.0,BOS,82.0,79.0,32.2,7.2,16.9,0.428,2.0,5.7,0.359,5.2,11.2,0.462,0.488,5.8,6.6,0.871,0.6,2.4,3.0,6.2,1.1,0.1,2.7,2.0,22.2,6912869.0
421,Lance Thomas,PF,27.0,NYK,59.0,5.0,22.3,2.9,6.5,0.442,0.7,1.8,0.404,2.1,4.6,0.458,0.5,1.7,2.0,0.857,0.6,1.6,2.2,0.9,0.4,0.1,1.0,1.8,8.2,1636842.0
422,Hollis Thompson,SG,24.0,PHI,77.0,17.0,28.0,3.5,8.8,0.397,1.9,5.1,0.38,1.6,3.7,0.42,0.507,0.9,1.2,0.7190000000000001,0.7,2.8,3.5,1.3,0.5,0.3,1.0,2.4,9.8,947276.0
423,Jason Thompson,C,29.0,TOT,47.0,7.0,10.0,1.1,2.3,0.481,0.1,0.3,0.333,1.0,2.0,0.505,0.505,0.8,1.1,0.7040000000000001,0.7,2.2,2.9,0.6,0.3,0.4,0.3,1.7,3.1,6752729.0
424,Klay Thompson,SG,25.0,GSW,80.0,80.0,33.3,8.1,17.3,0.47,3.5,8.1,0.425,4.7,9.2,0.51,0.569,2.4,2.8,0.873,0.4,3.4,3.8,2.1,0.8,0.6,1.7,1.9,22.1,15501000.0
425,Tristan Thompson,PF,24.0,CLE,82.0,34.0,27.7,3.0,5.1,0.588,0.0,0.0,,3.0,5.1,0.588,0.588,1.8,3.0,0.616,3.3,5.7,9.0,0.8,0.5,0.6,0.7,2.5,7.8,14260000.0
426,Marcus Thornton,SG,28.0,TOT,61.0,8.0,18.2,3.5,8.9,0.399,1.5,4.4,0.337,2.0,4.5,0.46,0.482,1.1,1.3,0.848,0.6,1.8,2.5,1.4,0.8,0.1,0.8,1.5,9.7,1436891.0
427,Anthony Tolliver,PF,30.0,DET,72.0,5.0,18.6,1.8,4.6,0.386,1.4,3.8,0.36,0.4,0.8,0.5,0.5329999999999999,0.4,0.7,0.617,0.5,2.6,3.2,0.7,0.4,0.2,0.4,1.2,5.3,3000000.0
428,Axel Toupane,SF,23.0,DEN,21.0,0.0,14.5,1.2,3.3,0.35700000000000004,0.6,1.9,0.325,0.6,1.4,0.4,0.45,0.6,0.8,0.765,0.4,1.1,1.5,0.7,0.3,0.3,0.3,1.9,3.6,61775.0
429,KarlAnthony Towns,C,20.0,MIN,82.0,82.0,32.0,7.6,14.1,0.542,0.4,1.1,0.341,7.3,13.0,0.5589999999999999,0.555,2.7,3.4,0.8109999999999999,2.8,7.7,10.5,2.0,0.7,1.7,2.2,3.0,18.3,
430,PJ Tucker,SF,30.0,PHO,82.0,80.0,31.0,2.9,7.1,0.411,0.8,2.5,0.33,2.1,4.6,0.455,0.469,1.3,1.7,0.746,2.0,4.2,6.2,2.2,1.3,0.2,1.4,2.5,8.0,5500000.0
431,Evan Turner,SG,27.0,BOS,81.0,12.0,28.0,4.2,9.3,0.456,0.2,1.0,0.241,4.0,8.3,0.482,0.469,1.8,2.2,0.8270000000000001,0.6,4.3,4.9,4.4,1.0,0.3,2.1,1.7,10.5,3425510.0
432,Myles Turner,C,19.0,IND,60.0,30.0,22.8,4.4,8.8,0.498,0.1,0.2,0.214,4.4,8.6,0.506,0.501,1.5,2.0,0.727,1.1,4.4,5.5,0.7,0.4,1.4,1.1,2.6,10.3,2277960.0
433,Beno Udrih,PG,33.0,TOT,44.0,5.0,16.1,2.0,4.5,0.434,0.3,1.0,0.341,1.6,3.5,0.461,0.472,0.4,0.5,0.9,0.2,1.5,1.6,2.6,0.3,0.0,1.2,1.2,4.7,2080465.0
434,Jonas Valanciunas,C,23.0,TOR,60.0,59.0,26.0,5.1,8.9,0.565,0.0,0.0,,5.1,8.9,0.565,0.565,2.7,3.6,0.7609999999999999,3.1,6.1,9.1,0.7,0.4,1.3,1.4,2.6,12.8,4660482.0
435,Anderson Varejao,C,33.0,TOT,53.0,0.0,9.4,1.0,2.3,0.4270000000000001,0.0,0.0,0.0,1.0,2.3,0.431,0.4270000000000001,0.6,0.9,0.64,0.7,2.0,2.7,0.7,0.3,0.2,0.4,1.3,2.6,10158574.0
436,Greivis Vasquez,PG,29.0,MIL,23.0,0.0,20.0,2.0,6.0,0.326,0.8,3.2,0.247,1.2,2.8,0.415,0.391,1.0,1.1,0.846,0.2,1.8,2.0,4.0,0.4,0.0,1.7,1.8,5.7,6600000.0
437,Rashad Vaughn,SG,19.0,MIL,70.0,6.0,14.3,1.2,3.8,0.305,0.6,2.1,0.293,0.5,1.7,0.319,0.385,0.2,0.2,0.8,0.2,1.1,1.3,0.6,0.4,0.2,0.4,1.0,3.1,1733040.0
438,Charlie Villanueva,PF,31.0,DAL,62.0,4.0,10.7,2.0,5.3,0.382,0.8,2.8,0.273,1.3,2.5,0.503,0.454,0.4,0.4,0.917,0.4,2.1,2.5,0.4,0.3,0.2,0.5,1.1,5.1,1499187.0
439,Noah Vonleh,PF,20.0,POR,78.0,56.0,15.1,1.5,3.6,0.421,0.1,0.6,0.239,1.4,3.0,0.457,0.441,0.5,0.7,0.745,1.2,2.7,3.9,0.4,0.3,0.3,0.6,1.9,3.6,2637720.0
440,Nikola Vucevic,C,25.0,ORL,65.0,60.0,31.3,8.2,16.1,0.51,0.0,0.1,0.222,8.2,16.0,0.512,0.511,1.7,2.3,0.753,2.7,6.2,8.9,2.8,0.8,1.1,1.9,2.7,18.2,11250000.0
441,Sasha Vujacic,SG,31.0,NYK,61.0,25.0,14.9,1.7,4.5,0.383,0.9,2.3,0.364,0.9,2.2,0.403,0.477,0.5,0.6,0.821,0.4,2.0,2.4,1.4,0.6,0.1,0.7,1.4,4.9,1356146.0
442,Dwyane Wade,SG,34.0,MIA,74.0,73.0,30.5,7.3,16.0,0.456,0.1,0.6,0.159,7.2,15.4,0.468,0.459,4.4,5.5,0.7929999999999999,1.1,3.0,4.1,4.6,1.1,0.6,2.7,1.6,19.0,20000000.0
443,Dion Waiters,SG,24.0,OKC,78.0,15.0,27.6,3.6,9.1,0.399,1.1,3.1,0.358,2.5,6.0,0.421,0.46,1.4,2.0,0.713,0.5,2.1,2.6,2.0,1.0,0.2,1.5,1.8,9.8,5138430.0
444,Kemba Walker,PG,25.0,CHO,81.0,81.0,35.6,7.0,16.4,0.4270000000000001,2.2,6.0,0.371,4.8,10.4,0.459,0.495,4.6,5.4,0.847,0.7,3.7,4.4,5.2,1.6,0.5,2.1,1.4,20.9,12000000.0
445,John Wall,PG,25.0,WAS,77.0,77.0,36.2,7.4,17.5,0.424,1.5,4.3,0.35100000000000003,5.9,13.3,0.448,0.467,3.5,4.5,0.7909999999999999,0.5,4.4,4.9,10.2,1.9,0.8,4.1,2.1,19.9,14728844.0
446,TJ Warren,SF,22.0,PHO,47.0,4.0,22.8,4.7,9.4,0.501,0.6,1.5,0.4,4.1,7.9,0.52,0.5329999999999999,1.0,1.4,0.703,1.2,1.9,3.1,0.9,0.8,0.3,0.7,2.0,11.0,2041080.0
447,CJ Watson,PG,31.0,ORL,33.0,2.0,19.9,1.4,4.2,0.343,0.4,1.5,0.292,1.0,2.7,0.371,0.394,1.0,1.2,0.872,0.3,1.7,2.0,2.7,0.6,0.2,0.8,1.5,4.3,5000000.0
448,Briante Weber,PG,23.0,TOT,7.0,4.0,24.1,2.0,5.6,0.359,0.0,0.7,0.0,2.0,4.9,0.412,0.359,0.4,0.6,0.75,1.1,2.4,3.6,3.0,1.3,0.4,1.3,1.7,4.4,61774.0
449,Sonny Weems,SG-SF,29.0,TOT,43.0,0.0,11.6,1.0,2.6,0.382,0.3,1.0,0.366,0.6,1.6,0.391,0.45,0.2,0.3,0.5329999999999999,0.2,1.1,1.2,1.1,0.2,0.0,1.0,1.1,2.5,2814000.0
450,David West,PF,35.0,SAS,78.0,19.0,18.0,3.1,5.7,0.545,0.0,0.1,0.429,3.1,5.7,0.546,0.5479999999999999,0.8,1.0,0.7879999999999999,0.9,3.0,4.0,1.8,0.6,0.7,0.9,1.8,7.1,1499187.0
451,Russell Westbrook,PG,27.0,OKC,80.0,80.0,34.4,8.2,18.1,0.454,1.3,4.3,0.29600000000000004,6.9,13.8,0.503,0.489,5.8,7.2,0.812,1.8,6.0,7.8,10.4,2.0,0.3,4.3,2.5,23.5,16744218.0
452,Hassan Whiteside,C,26.0,MIA,73.0,43.0,29.1,5.7,9.3,0.606,0.0,0.0,,5.7,9.3,0.606,0.606,2.9,4.5,0.65,3.3,8.6,11.8,0.4,0.6,3.7,1.9,2.8,14.2,981348.0
453,Shayne Whittington,PF,24.0,IND,7.0,0.0,5.9,0.7,1.6,0.455,0.0,0.3,0.0,0.7,1.3,0.556,0.455,0.1,0.3,0.5,0.7,1.0,1.7,0.4,0.1,0.1,0.7,1.0,1.6,845059.0
454,Andrew Wiggins,SF,20.0,MIN,81.0,81.0,35.1,7.3,16.0,0.459,0.7,2.3,0.3,6.6,13.6,0.486,0.481,5.3,7.0,0.7609999999999999,1.3,2.3,3.6,2.0,1.0,0.6,2.2,2.0,20.7,5758680.0
455,CJ Wilcox,SG,25.0,LAC,23.0,0.0,7.3,1.1,2.9,0.394,0.4,1.0,0.391,0.7,1.9,0.395,0.462,0.4,0.5,0.75,0.0,0.5,0.5,0.4,0.4,0.1,0.1,0.7,3.0,1159680.0
456,Alan Williams,PF,23.0,PHO,10.0,0.0,6.8,1.0,2.4,0.417,0.0,0.0,,1.0,2.4,0.417,0.417,0.9,1.4,0.643,1.4,2.4,3.8,0.5,0.4,0.5,0.6,1.5,2.9,114284.0
457,Deron Williams,PG,31.0,DAL,65.0,63.0,32.4,4.9,11.9,0.414,1.5,4.3,0.344,3.4,7.6,0.454,0.477,2.8,3.2,0.8690000000000001,0.3,2.6,2.9,5.8,0.9,0.2,2.3,2.4,14.1,10853761.0
458,Derrick Williams,SF,24.0,NYK,80.0,9.0,17.9,3.2,7.1,0.45,0.6,1.9,0.293,2.6,5.2,0.506,0.488,2.4,3.2,0.758,0.6,3.1,3.7,0.9,0.4,0.1,0.8,0.9,9.3,4400000.0
459,Elliot Williams,PG,26.0,MEM,5.0,0.0,9.0,0.4,2.0,0.2,0.2,0.8,0.25,0.2,1.2,0.16699999999999998,0.25,0.6,0.8,0.75,0.2,0.6,0.8,0.8,0.0,0.0,0.2,0.4,1.6,57726.0
460,Lou Williams,SG,29.0,LAL,67.0,35.0,28.5,4.2,10.3,0.408,1.6,4.8,0.344,2.6,5.6,0.464,0.488,5.3,6.3,0.83,0.5,2.1,2.5,2.5,0.9,0.3,1.6,1.6,15.3,
461,Marvin Williams,PF,29.0,CHO,81.0,81.0,28.9,4.2,9.2,0.452,1.9,4.7,0.402,2.3,4.6,0.504,0.5539999999999999,1.5,1.8,0.833,1.6,4.9,6.4,1.4,0.7,1.0,0.8,1.6,11.7,7000000.0
462,Mo Williams,PG,33.0,CLE,41.0,14.0,18.2,3.2,7.4,0.4370000000000001,0.9,2.5,0.353,2.3,4.9,0.48,0.4970000000000001,0.9,1.0,0.905,0.1,1.6,1.8,2.4,0.3,0.1,1.4,1.5,8.2,
463,Justise Winslow,SF,19.0,MIA,78.0,8.0,28.6,2.5,5.9,0.422,0.4,1.5,0.276,2.1,4.4,0.471,0.457,1.0,1.5,0.684,1.0,4.1,5.2,1.5,0.9,0.3,1.2,2.4,6.4,2481720.0
464,Jeff Withey,C,25.0,UTA,51.0,10.0,12.9,1.7,3.2,0.537,0.0,0.0,0.0,1.7,3.1,0.544,0.537,0.8,1.2,0.7290000000000001,1.1,2.3,3.4,0.4,0.4,1.0,0.5,1.5,4.3,947276.0
465,Christian Wood,PF,20.0,PHI,17.0,0.0,8.5,1.3,3.1,0.415,0.2,0.6,0.364,1.1,2.5,0.429,0.453,0.8,1.2,0.619,0.8,1.5,2.2,0.2,0.3,0.4,0.1,0.6,3.6,339762.0
466,Metta World Peace,SF,36.0,LAL,35.0,5.0,16.9,1.6,5.1,0.311,0.7,2.4,0.31,0.8,2.7,0.312,0.384,1.1,1.6,0.7020000000000001,0.5,2.0,2.5,0.8,0.6,0.3,0.4,1.9,5.0,1499187.0
467,Brandan Wright,PF,28.0,MEM,12.0,2.0,17.7,2.9,4.3,0.6729999999999999,0.0,0.0,,2.9,4.3,0.6729999999999999,0.6729999999999999,1.1,2.0,0.542,1.2,2.4,3.6,0.5,0.4,1.3,0.8,1.8,6.9,5464000.0
468,Delon Wright,PG,23.0,TOR,27.0,1.0,8.5,1.3,3.0,0.45,0.2,0.5,0.385,1.1,2.5,0.463,0.481,1.0,1.3,0.743,0.3,1.1,1.4,1.1,0.3,0.1,0.6,0.3,3.8,1509360.0
469,Tony Wroten,PG,22.0,PHI,8.0,3.0,18.0,2.8,8.1,0.338,0.4,2.1,0.17600000000000002,2.4,6.0,0.396,0.362,2.5,4.6,0.541,0.3,2.4,2.6,2.5,0.4,0.0,3.6,1.4,8.4,2346760.0
470,James Young,SG,20.0,BOS,29.0,0.0,6.9,0.4,1.2,0.306,0.2,0.9,0.231,0.2,0.3,0.5,0.389,0.0,0.1,0.25,0.1,0.8,0.9,0.3,0.2,0.0,0.2,0.6,1.0,1749840.0
471,Joe Young,PG,23.0,IND,41.0,0.0,9.4,1.5,4.1,0.3670000000000001,0.2,1.1,0.217,1.3,3.0,0.423,0.396,0.5,0.6,0.8,0.1,1.1,1.2,1.6,0.4,0.0,0.8,0.7,3.8,
472,Nick Young,SG,30.0,LAL,54.0,2.0,19.1,2.3,6.9,0.339,1.4,4.4,0.325,0.9,2.5,0.363,0.442,1.2,1.4,0.8290000000000001,0.3,1.5,1.8,0.6,0.4,0.1,0.6,0.9,7.3,5219169.0
473,Thaddeus Young,PF,27.0,BRK,73.0,73.0,33.0,6.8,13.2,0.514,0.1,0.4,0.233,6.7,12.8,0.523,0.518,1.4,2.2,0.644,2.4,6.6,9.0,1.9,1.5,0.5,1.9,2.5,15.1,11235955.0
474,Cody Zeller,C,23.0,CHO,73.0,60.0,24.3,3.2,6.0,0.529,0.0,0.1,0.1,3.2,5.8,0.539,0.53,2.4,3.2,0.754,1.9,4.3,6.2,1.0,0.8,0.9,0.9,2.8,8.7,4204200.0
475,Tyler Zeller,C,26.0,BOS,60.0,3.0,11.8,2.3,4.8,0.476,0.0,0.0,,2.3,4.8,0.476,0.476,1.5,1.8,0.815,1.0,1.9,3.0,0.5,0.2,0.4,0.8,1.6,6.1,2616975.0
